"","bResult","blueTop"
"1",1,"Dyrus"
"2",0,"Cris"
"3",1,"Flaresz"
"4",0,"Rhux"
"5",1,"Benny"
"6",0,"Gamsu"
"7",1,"Cris"
"8",1,"Quas"
"9",0,"Balls"
"10",1,"CaliTrlolz8"
"11",1,"Hauntzer"
"12",1,"CaliTrlolz8"
"13",1,"Balls"
"14",0,"Impact"
"15",1,"Dyrus"
"16",1,"ZionSpartan"
"17",0,"Gamsu"
"18",1,"Dyrus"
"19",1,"Impact"
"20",0,"Cris"
"21",0,"Hauntzer"
"22",1,"Balls"
"23",0,"Gamsu"
"24",1,"Quas"
"25",0,"Avalon"
"26",1,"Balls"
"27",1,"ZionSpartan"
"28",0,"Quas"
"29",1,"CaliTrlolz8"
"30",1,"Dyrus"
"31",0,"Cris"
"32",1,"Avalon"
"33",0,"Gamsu"
"34",0,"CaliTrlolz8"
"35",0,"Hauntzer"
"36",1,"Avalon"
"37",1,"Impact"
"38",0,"ZionSpartan"
"39",1,"Hauntzer"
"40",1,"Gamsu"
"41",0,"Quas"
"42",0,"CaliTrlolz8"
"43",1,"Balls"
"44",0,"Gamsu"
"45",1,"Dyrus"
"46",1,"Balls"
"47",1,"Quas"
"48",0,"Avalon"
"49",0,"Cris"
"50",1,"Impact"
"51",0,"Cris"
"52",1,"CaliTrlolz8"
"53",1,"Quas"
"54",1,"Dyrus"
"55",1,"ZionSpartan"
"56",1,"Hauntzer"
"57",1,"Balls"
"58",1,"Impact"
"59",0,"ZionSpartan"
"60",1,"CaliTrlolz8"
"61",1,"Gamsu"
"62",0,"Hauntzer"
"63",0,"Avalon"
"64",1,"Impact"
"65",0,"Quas"
"66",1,"Balls"
"67",1,"Dyrus"
"68",0,"Quas"
"69",1,"Hauntzer"
"70",1,"ZionSpartan"
"71",0,"Cris"
"72",0,"Quas"
"73",0,"Dyrus"
"74",1,"ZionSpartan"
"75",0,"Avalon"
"76",0,"Gamsu"
"77",1,"Dyrus"
"78",1,"CaliTrlolz8"
"79",1,"Impact"
"80",0,"Cris"
"81",0,"Hauntzer"
"82",0,"CaliTrlolz8"
"83",1,"Avalon"
"84",0,"Cris"
"85",0,"Impact"
"86",1,"Avalon"
"87",1,"Balls"
"88",0,"Gamsu"
"89",1,"Hauntzer"
"90",0,"ZionSpartan"
"91",0,"CaliTrlolz8"
"92",1,"Balls"
"93",1,"Balls"
"94",0,"Seraph"
"95",1,"ZionSpartan"
"96",0,"CaliTrlolz8"
"97",0,"Hauntzer"
"98",1,"Quas"
"99",1,"Gamsu"
"100",0,"Impact"
"101",1,"Dyrus"
"102",0,"Seraph"
"103",0,"Flaresz"
"104",0,"Balls"
"105",1,"Dyrus"
"106",0,"CaliTrlolz8"
"107",1,"Gamsu"
"108",0,"Balls"
"109",0,"Quas"
"110",0,"ZionSpartan"
"111",0,"Seraph"
"112",0,"CaliTrlolz8"
"113",0,"Flaresz"
"114",0,"Dyrus"
"115",1,"Quas"
"116",1,"Impact"
"117",0,"Hauntzer"
"118",1,"Balls"
"119",1,"Dyrus"
"120",0,"Impact"
"121",0,"Gamsu"
"122",1,"ZionSpartan"
"123",1,"Gamsu"
"124",0,"Seraph"
"125",0,"Quas"
"126",1,"Hauntzer"
"127",1,"Flaresz"
"128",1,"CaliTrlolz8"
"129",0,"Hauntzer"
"130",1,"ZionSpartan"
"131",0,"Flaresz"
"132",0,"Quas"
"133",0,"Impact"
"134",1,"Quas"
"135",1,"Dyrus"
"136",1,"Balls"
"137",1,"Gamsu"
"138",1,"Hauntzer"
"139",1,"Impact"
"140",1,"Dyrus"
"141",1,"Seraph"
"142",1,"CaliTrlolz8"
"143",1,"Impact"
"144",0,"Seraph"
"145",0,"Balls"
"146",0,"ZionSpartan"
"147",1,"Gamsu"
"148",1,"Flaresz"
"149",0,"ZionSpartan"
"150",0,"Dyrus"
"151",0,"Gamsu"
"152",1,"CaliTrlolz8"
"153",1,"Quas"
"154",0,"Flaresz"
"155",1,"Hauntzer"
"156",1,"CaliTrlolz8"
"157",1,"Impact"
"158",0,"Flaresz"
"159",1,"Balls"
"160",0,"Dyrus"
"161",1,"Impact"
"162",1,"ZionSpartan"
"163",1,"Balls"
"164",1,"Impact"
"165",1,"ZionSpartan"
"166",0,"Hauntzer"
"167",0,"Seraph"
"168",1,"Quas"
"169",0,"Balls"
"170",0,"Gamsu"
"171",0,"Seraph"
"172",0,"CaliTrlolz8"
"173",0,"CaliTrlolz8"
"174",0,"Gamsu"
"175",0,"Hauntzer"
"176",0,"Flaresz"
"177",1,"Seraph"
"178",0,"Flaresz"
"179",1,"ZionSpartan"
"180",0,"Dyrus"
"181",0,"Hauntzer"
"182",1,"Quas"
"183",0,"CaliTrlolz8"
"184",1,"Impact"
"185",1,"Quas"
"186",0,"ZionSpartan"
"187",1,"Quas"
"188",0,"ZionSpartan"
"189",1,"Impact"
"190",1,"Hauntzer"
"191",0,"Hauntzer"
"192",0,"Hauntzer"
"193",0,"Balls"
"194",1,"Quas"
"195",1,"Balls"
"196",0,"Quas"
"197",1,"Balls"
"198",0,"Dyrus"
"199",0,"Impact"
"200",0,"Impact"
"201",0,"Impact"
"202",1,"Impact"
"203",1,"Quas"
"204",0,"Quas"
"205",1,"Quas"
"206",0,"Impact"
"207",0,"Dyrus"
"208",0,"Balls"
"209",1,"Dyrus"
"210",0,"Balls"
"211",1,"Impact"
"212",0,"Gamsu"
"213",1,"Impact"
"214",0,"Hauntzer"
"215",1,"Hauntzer"
"216",1,"Dyrus"
"217",0,"Hauntzer"
"218",1,"ZionSpartan"
"219",0,"Impact"
"220",1,"ZionSpartan"
"221",0,"Quas"
"222",1,"Dyrus"
"223",1,"Quas"
"224",1,"Dyrus"
"225",1,"Quas"
"226",1,"Impact"
"227",1,"Quas"
"228",0,"Impact"
"229",1,"ZionSpartan"
"230",0,"Dyrus"
"231",1,"ZionSpartan"
"232",0,"Balls"
"233",0,"Balls"
"234",1,"Balls"
"235",1,"Balls"
"236",1,"Balls"
"237",1,"Impact"
"238",0,"Balls"
"239",0,"Impact"
"240",1,"Balls"
"241",0,"Impact"
"242",0,"Quas"
"243",0,"Balls"
"244",0,"Quas"
"245",1,"Balls"
"246",0,"Hauntzer"
"247",0,"Balls"
"248",0,"Smittyj"
"249",1,"RF Legendary"
"250",1,"kfo"
"251",0,"RF Legendary"
"252",1,"Smittyj"
"253",1,"Hauntzer"
"254",0,"kfo"
"255",1,"Huni"
"256",1,"Seraph"
"257",0,"Hauntzer"
"258",0,"Lourlo"
"259",1,"BillyBoss"
"260",1,"Hauntzer"
"261",0,"Impact"
"262",0,"Darshan"
"263",0,"Solo"
"264",0,"RF Legendary"
"265",1,"Seraph"
"266",0,"Balls"
"267",1,"Lourlo"
"268",1,"Darshan"
"269",1,"Huni"
"270",1,"Lourlo"
"271",1,"Impact"
"272",0,"BillyBoss"
"273",0,"Solo"
"274",1,"Darshan"
"275",1,"Lourlo"
"276",1,"Balls"
"277",0,"Darshan"
"278",1,"Hauntzer"
"279",1,"Impact"
"280",1,"Huni"
"281",1,"Balls"
"282",0,"Flaresz"
"283",0,"Feng"
"284",1,"BillyBoss"
"285",1,"kfo"
"286",0,"Impact"
"287",1,"Balls"
"288",0,"Feng"
"289",1,"Huni"
"290",1,"kfo"
"291",0,"Darshan"
"292",1,"Huni"
"293",1,"Lourlo"
"294",0,"BillyBoss"
"295",1,"Impact"
"296",0,"RF Legendary"
"297",0,"Hauntzer"
"298",1,"Darshan"
"299",0,"Lourlo"
"300",0,"RF Legendary"
"301",1,"BillyBoss"
"302",0,"Impact"
"303",0,"Feng"
"304",0,"Lourlo"
"305",0,"Feng"
"306",0,"kfo"
"307",0,"Huni"
"308",1,"Impact"
"309",1,"Balls"
"310",1,"Feng"
"311",0,"Balls"
"312",1,"Lourlo"
"313",1,"Seraph"
"314",1,"Huni"
"315",0,"Seraph"
"316",1,"Huni"
"317",0,"Darshan"
"318",1,"Hauntzer"
"319",1,"kfo"
"320",1,"Balls"
"321",1,"Impact"
"322",0,"Hauntzer"
"323",0,"BillyBoss"
"324",0,"kfo"
"325",0,"Feng"
"326",1,"Darshan"
"327",1,"Huni"
"328",0,"BillyBoss"
"329",1,"Balls"
"330",1,"Seraph"
"331",1,"Lourlo"
"332",0,"Feng"
"333",1,"Darshan"
"334",0,"Hauntzer"
"335",0,"Feng"
"336",1,"Hauntzer"
"337",0,"Darshan"
"338",1,"Seraph"
"339",1,"Quas"
"340",1,"Seraph"
"341",0,"Impact"
"342",0,"Huni"
"343",0,"Impact"
"344",1,"Seraph"
"345",0,"Lourlo"
"346",1,"Ray"
"347",1,"Darshan"
"348",1,"Ray"
"349",1,"kfo"
"350",1,"Impact"
"351",0,"kfo"
"352",1,"kfo"
"353",0,"zig"
"354",1,"Ray"
"355",0,"Quas"
"356",1,"Hauntzer"
"357",0,"Lourlo"
"358",1,"Huni"
"359",0,"zig"
"360",1,"Quas"
"361",1,"Huni"
"362",0,"Quas"
"363",0,"Ray"
"364",0,"Seraph"
"365",0,"Ray"
"366",1,"Lourlo"
"367",1,"Darshan"
"368",0,"Lourlo"
"369",0,"zig"
"370",0,"Impact"
"371",0,"zig"
"372",1,"Hauntzer"
"373",1,"Huni"
"374",1,"Hauntzer"
"375",0,"kfo"
"376",1,"Lourlo"
"377",1,"Quas"
"378",0,"kfo"
"379",1,"Hauntzer"
"380",0,"Ray"
"381",1,"Seraph"
"382",0,"Brandini"
"383",0,"Darshan"
"384",1,"Impact"
"385",0,"Impact"
"386",0,"Hauntzer"
"387",0,"Impact"
"388",1,"Lourlo"
"389",0,"zig"
"390",1,"Huni"
"391",0,"Seraph"
"392",1,"Lourlo"
"393",1,"Quas"
"394",1,"Lourlo"
"395",0,"Quas"
"396",1,"Hauntzer"
"397",0,"kfo"
"398",1,"Huni"
"399",1,"Darshan"
"400",0,"kfo"
"401",0,"zig"
"402",0,"Ray"
"403",0,"zig"
"404",0,"Ray"
"405",0,"Impact"
"406",0,"Ray"
"407",1,"Darshan"
"408",1,"Seraph"
"409",0,"Darshan"
"410",1,"Darshan"
"411",1,"Huni"
"412",0,"Darshan"
"413",1,"Lourlo"
"414",0,"Ray"
"415",1,"Impact"
"416",0,"Seraph"
"417",1,"Huni"
"418",0,"Lourlo"
"419",1,"Impact"
"420",0,"Quas"
"421",0,"zig"
"422",1,"Darshan"
"423",0,"Hauntzer"
"424",0,"kfo"
"425",1,"Hauntzer"
"426",1,"Quas"
"427",1,"zig"
"428",1,"Quas"
"429",0,"Seraph"
"430",1,"Hauntzer"
"431",1,"Ray"
"432",0,"kfo"
"433",1,"Impact"
"434",1,"Lourlo"
"435",0,"Impact"
"436",1,"kfo"
"437",1,"Seraph"
"438",0,"kfo"
"439",0,"Quas"
"440",1,"Darshan"
"441",1,"Huni"
"442",0,"Ray"
"443",0,"Darshan"
"444",1,"Hauntzer"
"445",1,"Ray"
"446",1,"zig"
"447",0,"Ray"
"448",0,"zig"
"449",1,"Hauntzer"
"450",1,"Lourlo"
"451",0,"Seraph"
"452",0,"kfo"
"453",1,"Quas"
"454",1,"Huni"
"455",0,"Impact"
"456",1,"Hauntzer"
"457",0,"Impact"
"458",0,"Seraph"
"459",1,"Huni"
"460",0,"Quas"
"461",1,"Ray"
"462",0,"Lourlo"
"463",0,"Huni"
"464",0,"Lourlo"
"465",0,"Ray"
"466",1,"Hauntzer"
"467",0,"Darshan"
"468",0,"zig"
"469",1,"Darshan"
"470",0,"zig"
"471",0,"kfo"
"472",1,"zig"
"473",0,"Seraph"
"474",1,"Darshan"
"475",0,"Quas"
"476",1,"Impact"
"477",1,"Lourlo"
"478",1,"kfo"
"479",1,"Lourlo"
"480",0,"Huni"
"481",1,"Huni"
"482",1,"zig"
"483",1,"Quas"
"484",1,"zig"
"485",0,"kfo"
"486",1,"Hauntzer"
"487",0,"Impact"
"488",0,"Ray"
"489",1,"Impact"
"490",0,"Impact"
"491",0,"Darshan"
"492",0,"Impact"
"493",0,"Lourlo"
"494",1,"Hauntzer"
"495",1,"Quas"
"496",0,"Seraph"
"497",0,"zig"
"498",1,"Lourlo"
"499",1,"Huni"
"500",0,"kfo"
"501",0,"Seraph"
"502",0,"Ray"
"503",1,"Seraph"
"504",1,"Huni"
"505",0,"Quas"
"506",1,"kfo"
"507",1,"Ray"
"508",0,"kfo"
"509",0,"Darshan"
"510",0,"Lourlo"
"511",1,"Darshan"
"512",1,"Hauntzer"
"513",1,"zig"
"514",0,"Hauntzer"
"515",0,"Quas"
"516",1,"Lourlo"
"517",1,"Impact"
"518",0,"zig"
"519",0,"Seraph"
"520",1,"Impact"
"521",0,"Ray"
"522",1,"Huni"
"523",1,"Hauntzer"
"524",0,"Seraph"
"525",0,"kfo"
"526",1,"Darshan"
"527",0,"Huni"
"528",1,"Hauntzer"
"529",0,"Brandini"
"530",0,"Seraph"
"531",1,"Brandini"
"532",1,"Darshan"
"533",1,"Quas"
"534",1,"Darshan"
"535",1,"Impact"
"536",0,"kfo"
"537",1,"Hauntzer"
"538",1,"Quas"
"539",1,"Hauntzer"
"540",0,"Lourlo"
"541",1,"Impact"
"542",1,"Ray"
"543",1,"Lourlo"
"544",1,"Ray"
"545",1,"Brandini"
"546",1,"Huni"
"547",0,"Brandini"
"548",1,"Darshan"
"549",1,"Ray"
"550",0,"Darshan"
"551",1,"Seraph"
"552",0,"kfo"
"553",1,"Balls"
"554",1,"Hauntzer"
"555",0,"Balls"
"556",1,"Hauntzer"
"557",1,"Lourlo"
"558",0,"Impact"
"559",1,"Lourlo"
"560",0,"Darshan"
"561",0,"Lourlo"
"562",1,"Darshan"
"563",1,"Lourlo"
"564",1,"Darshan"
"565",0,"Huni"
"566",1,"Hauntzer"
"567",0,"Huni"
"568",1,"Huni"
"569",0,"Lourlo"
"570",1,"Huni"
"571",1,"Darshan"
"572",1,"Hauntzer"
"573",1,"Darshan"
"574",1,"Hauntzer"
"575",1,"Darshan"
"576",0,"Impact"
"577",1,"Impact"
"578",1,"Impact"
"579",0,"Seraph"
"580",1,"Darshan"
"581",1,"Darshan"
"582",0,"Darshan"
"583",1,"Darshan"
"584",1,"Huni"
"585",1,"Impact"
"586",0,"Huni"
"587",0,"Impact"
"588",0,"Huni"
"589",1,"Hauntzer"
"590",0,"Darshan"
"591",1,"Hauntzer"
"592",0,"Huni"
"593",0,"Darshan"
"594",0,"Darshan"
"595",1,"Darshan"
"596",1,"Huni"
"597",0,"Hauntzer"
"598",0,"Impact"
"599",1,"Hauntzer"
"600",0,"Impact"
"601",0,"Lourlo"
"602",0,"Lourlo"
"603",1,"Seraph"
"604",1,"Impact"
"605",0,"Seraph"
"606",1,"Impact"
"607",0,"Huni"
"608",1,"Impact"
"609",1,"Huni"
"610",1,"Impact"
"611",0,"Hauntzer"
"612",1,"Impact"
"613",0,"Looper"
"614",1,"zig"
"615",0,"Darshan"
"616",1,"Lourlo"
"617",0,"Seraph"
"618",1,"Balls"
"619",1,"Looper"
"620",1,"Flame"
"621",0,"Looper"
"622",1,"Ssumday"
"623",1,"zig"
"624",1,"Ssumday"
"625",1,"Hauntzer"
"626",1,"Flame"
"627",1,"Hauntzer"
"628",0,"Seraph"
"629",1,"Darshan"
"630",0,"Ssumday"
"631",0,"Ray"
"632",0,"Ssumday"
"633",1,"Lourlo"
"634",1,"Balls"
"635",0,"Lourlo"
"636",1,"Balls"
"637",0,"Darshan"
"638",0,"Hauntzer"
"639",0,"Ssumday"
"640",1,"Hauntzer"
"641",0,"Flame"
"642",1,"Impact"
"643",1,"zig"
"644",0,"Seraph"
"645",1,"Hauntzer"
"646",1,"Lourlo"
"647",1,"Hauntzer"
"648",1,"Ssumday"
"649",1,"Looper"
"650",0,"Ssumday"
"651",1,"zig"
"652",0,"Lourlo"
"653",1,"Looper"
"654",1,"Balls"
"655",1,"Looper"
"656",1,"Seraph"
"657",1,"Flame"
"658",0,"Seraph"
"659",1,"Impact"
"660",1,"Darshan"
"661",1,"Impact"
"662",0,"Flame"
"663",1,"zig"
"664",1,"Seraph"
"665",0,"Lourlo"
"666",1,"Darshan"
"667",1,"Hauntzer"
"668",0,"Darshan"
"669",1,"Balls"
"670",0,"Ssumday"
"671",0,"Lourlo"
"672",0,"Looper"
"673",1,"Lourlo"
"674",1,"Impact"
"675",0,"Seraph"
"676",1,"zig"
"677",1,"Hauntzer"
"678",0,"zig"
"679",0,"Ssumday"
"680",1,"Darshan"
"681",0,"Flame"
"682",1,"Balls"
"683",1,"Impact"
"684",0,"Looper"
"685",1,"Ray"
"686",1,"Lourlo"
"687",1,"Impact"
"688",1,"Flame"
"689",0,"Ssumday"
"690",0,"Darshan"
"691",1,"Looper"
"692",0,"zig"
"693",1,"Balls"
"694",1,"Hauntzer"
"695",0,"Seraph"
"696",0,"Lourlo"
"697",1,"Flame"
"698",1,"Darshan"
"699",1,"zig"
"700",1,"Darshan"
"701",1,"Looper"
"702",0,"Hauntzer"
"703",0,"Balls"
"704",0,"Impact"
"705",0,"Balls"
"706",1,"Ssumday"
"707",0,"Seraph"
"708",1,"Ssumday"
"709",0,"Balls"
"710",0,"Seraph"
"711",1,"zig"
"712",1,"Darshan"
"713",1,"Flame"
"714",1,"Darshan"
"715",1,"Lourlo"
"716",1,"Ssumday"
"717",0,"Lourlo"
"718",0,"Impact"
"719",0,"Hauntzer"
"720",0,"Impact"
"721",1,"Seraph"
"722",0,"Looper"
"723",0,"Balls"
"724",0,"Hauntzer"
"725",0,"Balls"
"726",1,"Flame"
"727",0,"Looper"
"728",1,"zig"
"729",0,"Ray"
"730",1,"Lourlo"
"731",1,"Darshan"
"732",0,"Lourlo"
"733",1,"Flame"
"734",1,"Lourlo"
"735",0,"Flame"
"736",1,"zig"
"737",1,"Darshan"
"738",0,"zig"
"739",0,"Looper"
"740",1,"Impact"
"741",1,"Balls"
"742",1,"Seraph"
"743",1,"Balls"
"744",1,"Hauntzer"
"745",0,"Darshan"
"746",1,"zig"
"747",1,"Ssumday"
"748",1,"zig"
"749",0,"Ssumday"
"750",1,"Hauntzer"
"751",1,"Looper"
"752",1,"Lourlo"
"753",1,"Looper"
"754",1,"Impact"
"755",0,"Balls"
"756",1,"Flame"
"757",1,"Seraph"
"758",0,"Flame"
"759",0,"Wickd"
"760",1,"Werlyb"
"761",1,"YoungBuck"
"762",1,"fredy122"
"763",0,"Cabochard"
"764",0,"Mimer"
"765",1,"Werlyb"
"766",1,"Overpow"
"767",1,"Huni"
"768",0,"Vizicsacsi"
"769",1,"Odoamne"
"770",1,"Vizicsacsi"
"771",1,"Huni"
"772",1,"fredy122"
"773",1,"Wickd"
"774",0,"Cabochard"
"775",0,"Werlyb"
"776",1,"Wickd"
"777",1,"fredy122"
"778",1,"Mimer"
"779",0,"Odoamne"
"780",0,"Huni"
"781",0,"Mimer"
"782",1,"Overpow"
"783",1,"YoungBuck"
"784",1,"Huni"
"785",1,"Cabochard"
"786",1,"Overpow"
"787",0,"Vizicsacsi"
"788",0,"Wickd"
"789",0,"Werlyb"
"790",1,"Odoamne"
"791",0,"Mimer"
"792",1,"Vizicsacsi"
"793",0,"YoungBuck"
"794",1,"Odoamne"
"795",1,"fredy122"
"796",1,"Cabochard"
"797",1,"YoungBuck"
"798",0,"Mimer"
"799",0,"Werlyb"
"800",1,"Vizicsacsi"
"801",0,"Overpow"
"802",1,"kev1n"
"803",1,"Cabochard"
"804",1,"Odoamne"
"805",1,"Huni"
"806",1,"fredy122"
"807",1,"Cabochard"
"808",0,"Vizicsacsi"
"809",1,"Jwaow"
"810",1,"Odoamne"
"811",1,"YoungBuck"
"812",1,"fredy122"
"813",1,"Overpow"
"814",0,"Overpow"
"815",0,"Wickd"
"816",1,"Huni"
"817",1,"Odoamne"
"818",1,"Cabochard"
"819",0,"Cabochard"
"820",0,"Overpow"
"821",0,"YoungBuck"
"822",1,"Wickd"
"823",0,"Werlyb"
"824",0,"Jwaow"
"825",1,"Vizicsacsi"
"826",1,"fredy122"
"827",0,"Werlyb"
"828",0,"Wickd"
"829",1,"YoungBuck"
"830",0,"Odoamne"
"831",1,"fredy122"
"832",0,"Werlyb"
"833",0,"Vizicsacsi"
"834",0,"YoungBuck"
"835",1,"Huni"
"836",0,"Cabochard"
"837",1,"Jwaow"
"838",1,"Odoamne"
"839",0,"Jwaow"
"840",0,"Vizicsacsi"
"841",0,"Werlyb"
"842",0,"Cabochard"
"843",1,"Odoamne"
"844",1,"YoungBuck"
"845",1,"Soaz"
"846",1,"Werlyb"
"847",1,"Steve"
"848",1,"Huni"
"849",0,"Jwaow"
"850",0,"Jwaow"
"851",1,"Huni"
"852",1,"Odoamne"
"853",0,"fredy122"
"854",1,"Vizicsacsi"
"855",0,"Cabochard"
"856",1,"Werlyb"
"857",1,"Vizicsacsi"
"858",1,"Odoamne"
"859",1,"Soaz"
"860",1,"Soaz"
"861",0,"Steve"
"862",0,"fredy122"
"863",1,"Huni"
"864",0,"YoungBuck"
"865",1,"Huni"
"866",1,"Steve"
"867",0,"Jwaow"
"868",1,"Cabochard"
"869",0,"Vizicsacsi"
"870",0,"Werlyb"
"871",1,"Jwaow"
"872",0,"Soaz"
"873",1,"fredy122"
"874",0,"YoungBuck"
"875",1,"fredy122"
"876",1,"Odoamne"
"877",0,"YoungBuck"
"878",0,"Cabochard"
"879",1,"Soaz"
"880",1,"Steve"
"881",0,"Vizicsacsi"
"882",1,"Soaz"
"883",1,"Huni"
"884",1,"Jwaow"
"885",1,"Huni"
"886",1,"Steve"
"887",0,"YoungBuck"
"888",0,"Werlyb"
"889",0,"Odoamne"
"890",1,"Cabochard"
"891",1,"Steve"
"892",0,"Werlyb"
"893",1,"Vizicsacsi"
"894",0,"Jwaow"
"895",0,"fredy122"
"896",1,"Cabochard"
"897",1,"Huni"
"898",0,"Jwaow"
"899",1,"Odoamne"
"900",0,"Lenny"
"901",0,"Steve"
"902",1,"Soaz"
"903",0,"Odoamne"
"904",0,"fredy122"
"905",1,"Steve"
"906",0,"Cabochard"
"907",1,"Vizicsacsi"
"908",1,"Huni"
"909",1,"fredy122"
"910",0,"Werlyb"
"911",0,"Lenny"
"912",0,"Vizicsacsi"
"913",1,"Cabochard"
"914",0,"Steve"
"915",0,"Werlyb"
"916",0,"Odoamne"
"917",1,"Soaz"
"918",0,"Jwaow"
"919",1,"Vizicsacsi"
"920",1,"Lenny"
"921",0,"Werlyb"
"922",0,"fredy122"
"923",0,"Odoamne"
"924",1,"Jwaow"
"925",0,"Lenny"
"926",0,"Cabochard"
"927",1,"fredy122"
"928",0,"Soaz"
"929",1,"Huni"
"930",0,"Werlyb"
"931",1,"Odoamne"
"932",0,"YoungBuck"
"933",1,"Odoamne"
"934",1,"Cabochard"
"935",1,"Vizicsacsi"
"936",1,"Vizicsacsi"
"937",1,"Vizicsacsi"
"938",0,"Huni"
"939",0,"Odoamne"
"940",0,"Huni"
"941",0,"Odoamne"
"942",1,"Huni"
"943",0,"fredy122"
"944",1,"fredy122"
"945",1,"Vizicsacsi"
"946",1,"fredy122"
"947",0,"fredy122"
"948",0,"Odoamne"
"949",0,"Odoamne"
"950",1,"Odoamne"
"951",1,"Odoamne"
"952",1,"Odoamne"
"953",0,"Huni"
"954",0,"Vizicsacsi"
"955",1,"Huni"
"956",1,"Vizicsacsi"
"957",1,"Huni"
"958",1,"Odoamne"
"959",1,"Odoamne"
"960",0,"Werlyb"
"961",1,"Vizicsacsi"
"962",1,"Vizicsacsi"
"963",1,"Steve"
"964",0,"Vizicsacsi"
"965",0,"Steve"
"966",0,"Odoamne"
"967",1,"Soaz"
"968",1,"Odoamne"
"969",0,"Odoamne"
"970",1,"Huni"
"971",1,"Huni"
"972",1,"Huni"
"973",1,"Odoamne"
"974",0,"Vizicsacsi"
"975",1,"Odoamne"
"976",0,"Huni"
"977",0,"Soaz"
"978",1,"Huni"
"979",1,"Soaz"
"980",1,"Huni"
"981",0,"Werlyb"
"982",0,"Werlyb"
"983",0,"Werlyb"
"984",1,"Soaz"
"985",1,"Steve"
"986",0,"Soaz"
"987",0,"Steve"
"988",1,"Soaz"
"989",0,"Vizicsacsi"
"990",1,"Soaz"
"991",0,"Vizicsacsi"
"992",1,"Gamsu"
"993",0,"Steve"
"994",1,"Odoamne"
"995",0,"Wunderwear"
"996",0,"Cabochard"
"997",0,"Atom"
"998",0,"Wunderwear"
"999",1,"Cabochard"
"1000",1,"Odoamne"
"1001",1,"Kikis"
"1002",0,"Atom"
"1003",0,"fredy122"
"1004",1,"sOAZ"
"1005",0,"Wunderwear"
"1006",1,"Gamsu"
"1007",1,"Cabochard"
"1008",1,"Steve"
"1009",0,"Gamsu"
"1010",1,"Wunderwear"
"1011",0,"Kikis"
"1012",0,"Atom"
"1013",1,"sOAZ"
"1014",1,"Kikis"
"1015",1,"Vizicsacsi"
"1016",1,"Odoamne"
"1017",1,"sOAZ"
"1018",1,"Cabochard"
"1019",0,"Vizicsacsi"
"1020",1,"Gamsu"
"1021",0,"fredy122"
"1022",0,"Steve"
"1023",0,"Atom"
"1024",1,"Kikis"
"1025",0,"fredy122"
"1026",1,"Odoamne"
"1027",1,"Kikis"
"1028",0,"Steve"
"1029",1,"Vizicsacsi"
"1030",1,"sOAZ"
"1031",0,"fredy122"
"1032",0,"Vizicsacsi"
"1033",1,"Gamsu"
"1034",1,"sOAZ"
"1035",0,"Kikis"
"1036",0,"fredy122"
"1037",0,"sOAZ"
"1038",1,"Vizicsacsi"
"1039",0,"Odoamne"
"1040",1,"Steve"
"1041",1,"Wunderwear"
"1042",0,"Steve"
"1043",1,"fredy122"
"1044",1,"Vizicsacsi"
"1045",1,"Gamsu"
"1046",1,"Cabochard"
"1047",1,"Atom"
"1048",1,"Cabochard"
"1049",0,"sOAZ"
"1050",1,"Wunderwear"
"1051",0,"fredy122"
"1052",1,"Kikis"
"1053",0,"Atom"
"1054",1,"Odoamne"
"1055",0,"Wunderwear"
"1056",0,"Vizicsacsi"
"1057",0,"sOAZ"
"1058",0,"Atom"
"1059",1,"Vizicsacsi"
"1060",1,"Gamsu"
"1061",1,"Cabochard"
"1062",1,"Gamsu"
"1063",1,"Odoamne"
"1064",0,"Vizicsacsi"
"1065",0,"Cabochard"
"1066",0,"Steve"
"1067",1,"Kikis"
"1068",1,"Steve"
"1069",0,"Gamsu"
"1070",0,"Wunderwear"
"1071",0,"fredy122"
"1072",0,"Smittyj"
"1073",1,"Steve"
"1074",0,"Odoamne"
"1075",1,"fredy122"
"1076",0,"Wunderwear"
"1077",1,"Odoamne"
"1078",1,"Cabochard"
"1079",1,"sOAZ"
"1080",1,"Smittyj"
"1081",1,"Kikis"
"1082",0,"sOAZ"
"1083",1,"Kikis"
"1084",1,"Steve"
"1085",0,"Vizicsacsi"
"1086",1,"Gamsu"
"1087",0,"Smittyj"
"1088",1,"Wunder"
"1089",1,"Parang"
"1090",0,"Smittyj"
"1091",1,"Kikis"
"1092",1,"Odoamne"
"1093",1,"Steve"
"1094",0,"Odoamne"
"1095",0,"Parang"
"1096",1,"Wunder"
"1097",1,"Cabochard"
"1098",1,"Vizicsacsi"
"1099",0,"sOAZ"
"1100",1,"Cabochard"
"1101",1,"Gamsu"
"1102",1,"Odoamne"
"1103",0,"Smittyj"
"1104",1,"Gamsu"
"1105",0,"Vizicsacsi"
"1106",1,"Wunder"
"1107",0,"Steve"
"1108",0,"Wunder"
"1109",1,"Kikis"
"1110",1,"Odoamne"
"1111",0,"Gamsu"
"1112",1,"Steve"
"1113",1,"sOAZ"
"1114",1,"Cabochard"
"1115",1,"sOAZ"
"1116",0,"Parang"
"1117",0,"Expect"
"1118",0,"Cabochard"
"1119",1,"Parang"
"1120",1,"Smittyj"
"1121",0,"Vizicsacsi"
"1122",0,"Parang"
"1123",1,"sOAZ"
"1124",1,"Cabochard"
"1125",0,"Vizicsacsi"
"1126",1,"Wunder"
"1127",0,"Smittyj"
"1128",0,"Vizicsacsi"
"1129",1,"Expect"
"1130",0,"Wunder"
"1131",1,"Gamsu"
"1132",1,"Smittyj"
"1133",0,"sOAZ"
"1134",1,"Gamsu"
"1135",0,"Steve"
"1136",1,"Odoamne"
"1137",1,"Expect"
"1138",0,"Parang"
"1139",1,"Steve"
"1140",0,"Cabochard"
"1141",1,"Odoamne"
"1142",0,"Steve"
"1143",0,"Expect"
"1144",1,"Gamsu"
"1145",1,"sOAZ"
"1146",1,"Wunder"
"1147",1,"Odoamne"
"1148",0,"Smittyj"
"1149",1,"Steve"
"1150",0,"Cabochard"
"1151",0,"Expect"
"1152",1,"Wunder"
"1153",1,"sOAZ"
"1154",1,"Cabochard"
"1155",1,"Smittyj"
"1156",0,"Parang"
"1157",0,"Vizicsacsi"
"1158",0,"Parang"
"1159",1,"Gamsu"
"1160",0,"Odoamne"
"1161",1,"Vizicsacsi"
"1162",0,"Wunder"
"1163",0,"Vizicsacsi"
"1164",1,"Cabochard"
"1165",1,"Steve"
"1166",0,"Gamsu"
"1167",1,"Expect"
"1168",1,"Parang"
"1169",1,"Odoamne"
"1170",0,"Cabochard"
"1171",1,"Wunder"
"1172",1,"Smittyj"
"1173",0,"Gamsu"
"1174",0,"Parang"
"1175",1,"Smittyj"
"1176",0,"Odoamne"
"1177",0,"sOAZ"
"1178",1,"Vizicsacsi"
"1179",1,"Steve"
"1180",0,"Expect"
"1181",0,"sOAZ"
"1182",1,"Gamsu"
"1183",0,"Cabochard"
"1184",0,"Parang"
"1185",1,"Wunder"
"1186",0,"Steve"
"1187",1,"Odoamne"
"1188",0,"sOAZ"
"1189",1,"Cabochard"
"1190",1,"Expect"
"1191",0,"Parang"
"1192",0,"Steve"
"1193",1,"Wunder"
"1194",0,"sOAZ"
"1195",1,"Vizicsacsi"
"1196",0,"Expect"
"1197",0,"Smittyj"
"1198",0,"Vizicsacsi"
"1199",0,"Gamsu"
"1200",1,"Smittyj"
"1201",0,"Odoamne"
"1202",1,"Vizicsacsi"
"1203",0,"Smittyj"
"1204",0,"Parang"
"1205",1,"Cabochard"
"1206",1,"Kikis"
"1207",0,"Odoamne"
"1208",0,"Vizicsacsi"
"1209",0,"Cabochard"
"1210",1,"Expect"
"1211",0,"Odoamne"
"1212",1,"sOAZ"
"1213",0,"Parang"
"1214",0,"Expect"
"1215",0,"Wunder"
"1216",1,"sOAZ"
"1217",1,"Steve"
"1218",0,"Smittyj"
"1219",1,"Wunder"
"1220",1,"Steve"
"1221",1,"Kikis"
"1222",0,"Kikis"
"1223",1,"Wunder"
"1224",0,"sOAZ"
"1225",1,"Smittyj"
"1226",0,"Steve"
"1227",1,"Parang"
"1228",0,"Odoamne"
"1229",1,"Wunder"
"1230",1,"Expect"
"1231",0,"Steve"
"1232",1,"sOAZ"
"1233",1,"Kikis"
"1234",1,"Odoamne"
"1235",0,"Cabochard"
"1236",1,"Expect"
"1237",0,"Vizicsacsi"
"1238",1,"Smittyj"
"1239",0,"Cabochard"
"1240",1,"Vizicsacsi"
"1241",0,"Parang"
"1242",1,"Expect"
"1243",1,"Cabochard"
"1244",0,"sOAZ"
"1245",1,"Wunder"
"1246",0,"Vizicsacsi"
"1247",1,"Odoamne"
"1248",1,"SmittyJ"
"1249",0,"Parang"
"1250",1,"Vizicsacsi"
"1251",0,"Wunder"
"1252",1,"Expect"
"1253",0,"Kikis"
"1254",1,"Kikis"
"1255",1,"Parang"
"1256",0,"Steve"
"1257",0,"SmittyJ"
"1258",0,"Steve"
"1259",0,"Cabochard"
"1260",0,"sOAZ"
"1261",1,"Odoamne"
"1262",1,"Cabochard"
"1263",1,"Odoamne"
"1264",0,"Cabochard"
"1265",1,"Gamsu"
"1266",1,"Cabochard"
"1267",1,"Gamsu"
"1268",1,"sOAZ"
"1269",1,"sOAZ"
"1270",0,"Vizicsacsi"
"1271",0,"sOAZ"
"1272",0,"Odoamne"
"1273",1,"Odoamne"
"1274",0,"Odoamne"
"1275",1,"sOAZ"
"1276",1,"Kikis"
"1277",1,"Gamsu"
"1278",0,"Gamsu"
"1279",0,"Gamsu"
"1280",0,"Odoamne"
"1281",0,"Odoamne"
"1282",1,"Odoamne"
"1283",1,"Odoamne"
"1284",0,"Odoamne"
"1285",0,"sOAZ"
"1286",1,"sOAZ"
"1287",0,"sOAZ"
"1288",0,"sOAZ"
"1289",0,"Smittyj"
"1290",0,"Vizicsacsi"
"1291",1,"Vizicsacsi"
"1292",1,"Vizicsacsi"
"1293",1,"Odoamne"
"1294",0,"Kikis"
"1295",1,"Odoamne"
"1296",1,"Odoamne"
"1297",0,"Odoamne"
"1298",1,"Odoamne"
"1299",0,"Odoamne"
"1300",0,"Odoamne"
"1301",1,"Expect"
"1302",1,"Vizicsacsi"
"1303",0,"Vizicsacsi"
"1304",1,"Expect"
"1305",0,"Vizicsacsi"
"1306",1,"Vizicsacsi"
"1307",0,"Vizicsacsi"
"1308",0,"Vizicsacsi"
"1309",0,"Wunder"
"1310",0,"Expect"
"1311",1,"Expect"
"1312",1,"Expect"
"1313",0,"Smittyj"
"1314",0,"Smittyj"
"1315",0,"Smittyj"
"1316",0,"Kikis"
"1317",0,"Kikis"
"1318",1,"Vizicsacsi"
"1319",0,"Vizicsacsi"
"1320",1,"Vizicsacsi"
"1321",1,"Wunder"
"1322",1,"Vizicsacsi"
"1323",1,"Wunder"
"1324",0,"Satorius"
"1325",1,"Odoamne"
"1326",1,"Expect"
"1327",1,"sOAZ"
"1328",1,"Expect"
"1329",0,"Alphari"
"1330",1,"Alphari"
"1331",1,"Alphari"
"1332",0,"Cabochard"
"1333",1,"Vizicsacsi"
"1334",0,"Phaxi"
"1335",1,"Expect"
"1336",1,"Odoamne"
"1337",0,"Wunder"
"1338",0,"Satorius"
"1339",0,"Satorius"
"1340",1,"Alphari"
"1341",0,"Phaxi"
"1342",1,"Wunder"
"1343",1,"Wunder"
"1344",1,"Flaxxish"
"1345",1,"sOAZ"
"1346",0,"Flaxxish"
"1347",0,"Odoamne"
"1348",1,"Odoamne"
"1349",1,"Vizicsacsi"
"1350",1,"Alphari"
"1351",1,"Expect"
"1352",0,"Alphari"
"1353",1,"Cabochard"
"1354",0,"Satorius"
"1355",1,"Flaxxish"
"1356",1,"Phaxi"
"1357",1,"Flaxxish"
"1358",1,"Wunder"
"1359",1,"Vizicsacsi"
"1360",0,"Wunder"
"1361",0,"sOAZ"
"1362",1,"Alphari"
"1363",1,"Cabochard"
"1364",1,"Odoamne"
"1365",0,"Cabochard"
"1366",0,"Flaxxish"
"1367",1,"Expect"
"1368",0,"Satorius"
"1369",1,"Wunder"
"1370",0,"Phaxi"
"1371",1,"Phaxi"
"1372",0,"Phaxi"
"1373",1,"Vizicsacsi"
"1374",0,"Flaxxish"
"1375",1,"Expect"
"1376",1,"Odoamne"
"1377",1,"Expect"
"1378",1,"Alphari"
"1379",1,"Alphari"
"1380",1,"sOAZ"
"1381",1,"Cabochard"
"1382",1,"sOAZ"
"1383",0,"Phaxi"
"1384",1,"Odoamne"
"1385",1,"Expect"
"1386",1,"Expect"
"1387",1,"Expect"
"1388",1,"Expect"
"1389",1,"sOAZ"
"1390",1,"Wunder"
"1391",0,"sOAZ"
"1392",0,"Cabochard"
"1393",1,"Alphari"
"1394",1,"Odoamne"
"1395",0,"Flaxxish"
"1396",1,"Wunder"
"1397",0,"Phaxi"
"1398",0,"Satorius"
"1399",1,"sOAZ"
"1400",0,"Vizicsacsi"
"1401",0,"Alphari"
"1402",1,"Alphari"
"1403",1,"Odoamne"
"1404",1,"Odoamne"
"1405",0,"Cabochard"
"1406",1,"Expect"
"1407",0,"Flaxxish"
"1408",1,"Wunder"
"1409",1,"Alphari"
"1410",0,"Satorius"
"1411",0,"Phaxi"
"1412",1,"Vizicsacsi"
"1413",0,"Untara"
"1414",1,"Duke"
"1415",0,"ikssu"
"1416",1,"Ssumday"
"1417",1,"Expession"
"1418",0,"SoHwan"
"1419",1,"CuVee"
"1420",0,"Hipo"
"1421",1,"Ssumday"
"1422",0,"SoaR"
"1423",1,"Smeb"
"1424",0,"Untara"
"1425",0,"ikssu"
"1426",1,"CuVee"
"1427",1,"TrAce"
"1428",0,"Duke"
"1429",0,"CuVee"
"1430",0,"Expession"
"1431",1,"CuVee"
"1432",0,"Hipo"
"1433",1,"TrAce"
"1434",0,"Ssumday"
"1435",0,"Smeb"
"1436",0,"Ssumday"
"1437",1,"SoaR"
"1438",1,"Untara"
"1439",0,"SoaR"
"1440",0,"CuVee"
"1441",1,"Duke"
"1442",0,"ikssu"
"1443",0,"TrAce"
"1444",0,"ikssu"
"1445",1,"SoaR"
"1446",1,"Hipo"
"1447",0,"SoaR"
"1448",0,"Flame"
"1449",1,"Smeb"
"1450",1,"ikssu"
"1451",0,"Soul"
"1452",0,"Smeb"
"1453",0,"Duke"
"1454",1,"Smeb"
"1455",1,"TrAce"
"1456",0,"Untara"
"1457",1,"Ssumday"
"1458",0,"CuVee"
"1459",1,"Duke"
"1460",1,"Hipo"
"1461",1,"Duke"
"1462",1,"Expession"
"1463",0,"ikssu"
"1464",1,"Smeb"
"1465",0,"CuVee"
"1466",1,"TrAce"
"1467",0,"Soul"
"1468",0,"Hipo"
"1469",1,"Ssumday"
"1470",1,"Untara"
"1471",1,"Flame"
"1472",1,"Untara"
"1473",0,"ikssu"
"1474",0,"Smeb"
"1475",0,"ikssu"
"1476",0,"SoaR"
"1477",1,"Duke"
"1478",0,"TrAce"
"1479",0,"CuVee"
"1480",0,"TrAce"
"1481",0,"Hipo"
"1482",1,"Flame"
"1483",0,"Expession"
"1484",0,"Soul"
"1485",1,"Expession"
"1486",1,"Smeb"
"1487",0,"Roach"
"1488",1,"Untara"
"1489",1,"ikssu"
"1490",1,"Untara"
"1491",1,"Duke"
"1492",0,"Ssumday"
"1493",0,"Ssumday"
"1494",0,"TrAce"
"1495",0,"Ssumday"
"1496",1,"CuVee"
"1497",1,"Untara"
"1498",1,"CuVee"
"1499",0,"Duke"
"1500",1,"Expession"
"1501",0,"Roach"
"1502",1,"ikssu"
"1503",1,"Ssumday"
"1504",1,"Untara"
"1505",1,"Ssumday"
"1506",0,"TrAce"
"1507",1,"Smeb"
"1508",1,"Duke"
"1509",1,"ikssu"
"1510",0,"Duke"
"1511",0,"Soul"
"1512",1,"CuVee"
"1513",1,"Smeb"
"1514",0,"Soul"
"1515",1,"Flame"
"1516",1,"Ssumday"
"1517",0,"Expession"
"1518",1,"Untara"
"1519",1,"Roach"
"1520",1,"Untara"
"1521",0,"Soul"
"1522",1,"TrAce"
"1523",1,"Hipo"
"1524",1,"Untara"
"1525",0,"Hipo"
"1526",0,"CuVee"
"1527",1,"Ssumday"
"1528",1,"Smeb"
"1529",0,"Expession"
"1530",1,"Untara"
"1531",1,"Soul"
"1532",1,"Untara"
"1533",1,"Flame"
"1534",0,"Hipo"
"1535",1,"TrAce"
"1536",0,"Ssumday"
"1537",1,"Untara"
"1538",0,"CuVee"
"1539",0,"Soul"
"1540",1,"Smeb"
"1541",1,"ikssu"
"1542",1,"Duke"
"1543",0,"ikssu"
"1544",1,"TrAce"
"1545",0,"Hipo"
"1546",1,"Ssumday"
"1547",0,"Flame"
"1548",0,"CuVee"
"1549",0,"Smeb"
"1550",1,"CuVee"
"1551",1,"Duke"
"1552",0,"TrAce"
"1553",0,"ikssu"
"1554",0,"Hipo"
"1555",1,"ikssu"
"1556",0,"Flame"
"1557",0,"Untara"
"1558",0,"Flame"
"1559",0,"Soul"
"1560",1,"Ssumday"
"1561",0,"Duke"
"1562",1,"Smeb"
"1563",1,"CuVee"
"1564",1,"ikssu"
"1565",0,"CuVee"
"1566",0,"Hipo"
"1567",1,"Soul"
"1568",1,"Untara"
"1569",1,"TrAce"
"1570",0,"Untara"
"1571",1,"CuVee"
"1572",0,"Soul"
"1573",0,"Untara"
"1574",1,"Smeb"
"1575",1,"Ssumday"
"1576",1,"ikssu"
"1577",0,"Ssumday"
"1578",0,"Expession"
"1579",1,"Duke"
"1580",0,"Hipo"
"1581",1,"Smeb"
"1582",1,"CuVee"
"1583",1,"TrAce"
"1584",1,"CuVee"
"1585",1,"Duke"
"1586",0,"Untara"
"1587",0,"Soul"
"1588",0,"ikssu"
"1589",0,"Soul"
"1590",0,"Smeb"
"1591",0,"Ssumday"
"1592",0,"Smeb"
"1593",1,"Expession"
"1594",0,"CuVee"
"1595",0,"TrAce"
"1596",1,"ikssu"
"1597",0,"Hipo"
"1598",1,"Duke"
"1599",1,"Soul"
"1600",0,"Expession"
"1601",0,"Untara"
"1602",1,"Ssumday"
"1603",0,"Duke"
"1604",0,"CuVee"
"1605",1,"Duke"
"1606",1,"Smeb"
"1607",0,"ikssu"
"1608",1,"ikssu"
"1609",1,"Expession"
"1610",1,"ikssu"
"1611",1,"Ssumday"
"1612",0,"Duke"
"1613",1,"Smeb"
"1614",0,"TrAce"
"1615",0,"Hipo"
"1616",0,"CuVee"
"1617",0,"Hipo"
"1618",1,"ikssu"
"1619",0,"Untara"
"1620",1,"Duke"
"1621",0,"Soul"
"1622",1,"Ssumday"
"1623",1,"Hipo"
"1624",1,"Ssumday"
"1625",1,"TrAce"
"1626",1,"Expession"
"1627",0,"TrAce"
"1628",1,"ikssu"
"1629",0,"Expession"
"1630",0,"Untara"
"1631",1,"Crazy"
"1632",0,"Smeb"
"1633",1,"CuVee"
"1634",0,"ADD"
"1635",1,"Ssumday"
"1636",1,"TrAce"
"1637",0,"Expession"
"1638",0,"Lindarang"
"1639",1,"CuVee"
"1640",0,"Crazy"
"1641",0,"TrAce"
"1642",0,"Crazy"
"1643",1,"Smeb"
"1644",1,"ADD"
"1645",1,"Smeb"
"1646",1,"Expession"
"1647",1,"Ssumday"
"1648",0,"Expession"
"1649",1,"Duke"
"1650",0,"Untara"
"1651",0,"Crazy"
"1652",1,"Smeb"
"1653",1,"CuVee"
"1654",0,"ADD"
"1655",0,"Ssumday"
"1656",1,"Duke"
"1657",0,"Untara"
"1658",1,"ikssu"
"1659",0,"Smeb"
"1660",1,"Duke"
"1661",1,"Expession"
"1662",1,"Untara"
"1663",0,"Expession"
"1664",1,"CuVee"
"1665",0,"TrAce"
"1666",0,"Ssumday"
"1667",0,"Smeb"
"1668",0,"Ssumday"
"1669",0,"Crazy"
"1670",1,"Expession"
"1671",0,"Untara"
"1672",1,"TrAce"
"1673",1,"Ssumday"
"1674",0,"ikssu"
"1675",1,"ADD"
"1676",0,"Crazy"
"1677",1,"Duke"
"1678",0,"CuVee"
"1679",1,"Duke"
"1680",0,"ADD"
"1681",1,"TrAce"
"1682",0,"ikssu"
"1683",0,"Smeb"
"1684",0,"Untara"
"1685",1,"Smeb"
"1686",0,"CuVee"
"1687",1,"Expession"
"1688",0,"Lindarang"
"1689",1,"Crazy"
"1690",1,"TrAce"
"1691",1,"Duke"
"1692",1,"TrAce"
"1693",1,"Smeb"
"1694",0,"Expession"
"1695",0,"Crazy"
"1696",1,"Ssumday"
"1697",0,"Untara"
"1698",0,"CuVee"
"1699",0,"Untara"
"1700",0,"TrAce"
"1701",1,"ADD"
"1702",0,"CuVee"
"1703",1,"Ssumday"
"1704",0,"Duke"
"1705",1,"ikssu"
"1706",1,"ADD"
"1707",0,"Untara"
"1708",0,"TrAce"
"1709",1,"Smeb"
"1710",1,"Crazy"
"1711",1,"CuVee"
"1712",0,"Crazy"
"1713",0,"Expession"
"1714",1,"Duke"
"1715",0,"Untara"
"1716",0,"Ssumday"
"1717",0,"Shy"
"1718",1,"Smeb"
"1719",0,"ikssu"
"1720",1,"ADD"
"1721",0,"Expession"
"1722",0,"Lindarang"
"1723",0,"Ssumday"
"1724",1,"Lindarang"
"1725",0,"Expession"
"1726",1,"ADD"
"1727",1,"CuVee"
"1728",0,"Crazy"
"1729",0,"TrAce"
"1730",1,"Shy"
"1731",1,"Duke"
"1732",0,"Smeb"
"1733",0,"Expession"
"1734",1,"CuVee"
"1735",1,"Shy"
"1736",1,"ADD"
"1737",0,"Shy"
"1738",0,"Duke"
"1739",0,"Ssumday"
"1740",1,"Duke"
"1741",1,"Smeb"
"1742",1,"TrAce"
"1743",1,"Smeb"
"1744",0,"ADD"
"1745",1,"Duke"
"1746",0,"TrAce"
"1747",1,"CuVee"
"1748",1,"Smeb"
"1749",0,"Ssumday"
"1750",1,"Crazy"
"1751",1,"ikssu"
"1752",1,"Crazy"
"1753",0,"Shy"
"1754",1,"Expession"
"1755",0,"TrAce"
"1756",0,"Ssumday"
"1757",0,"TrAce"
"1758",0,"ADD"
"1759",1,"ikssu"
"1760",0,"CuVee"
"1761",1,"Smeb"
"1762",1,"Expession"
"1763",1,"Crazy"
"1764",1,"Expession"
"1765",0,"Expession"
"1766",1,"Smeb"
"1767",1,"Ssumday"
"1768",0,"ADD"
"1769",0,"CuVee"
"1770",1,"Duke"
"1771",0,"Lindarang"
"1772",0,"Untara"
"1773",1,"ikssu"
"1774",1,"Smeb"
"1775",0,"Crazy"
"1776",1,"Expession"
"1777",1,"TrAce"
"1778",1,"Expession"
"1779",1,"CuVee"
"1780",0,"Untara"
"1781",1,"ikssu"
"1782",0,"Duke"
"1783",0,"Crazy"
"1784",0,"ADD"
"1785",1,"Crazy"
"1786",0,"Shy"
"1787",0,"Duke"
"1788",0,"Shy"
"1789",1,"ikssu"
"1790",1,"TrAce"
"1791",0,"ikssu"
"1792",1,"Ssumday"
"1793",0,"Expession"
"1794",0,"Crazy"
"1795",1,"Duke"
"1796",1,"ADD"
"1797",0,"TrAce"
"1798",1,"Expession"
"1799",1,"ikssu"
"1800",1,"Expession"
"1801",1,"Ssumday"
"1802",1,"Crazy"
"1803",1,"Ssumday"
"1804",1,"ADD"
"1805",1,"Helper"
"1806",0,"ADD"
"1807",0,"Untara"
"1808",1,"Smeb"
"1809",0,"Helper"
"1810",0,"ikssu"
"1811",1,"CuVee"
"1812",1,"Crazy"
"1813",1,"Shy"
"1814",0,"Crazy"
"1815",1,"Duke"
"1816",1,"TrAce"
"1817",1,"Duke"
"1818",0,"ADD"
"1819",1,"Smeb"
"1820",1,"Ssumday"
"1821",0,"Untara"
"1822",0,"Lindarang"
"1823",1,"Smeb"
"1824",0,"Duke"
"1825",1,"Expession"
"1826",1,"TrAce"
"1827",1,"Crazy"
"1828",1,"TrAce"
"1829",1,"Ssumday"
"1830",0,"CuVee"
"1831",1,"TrAce"
"1832",0,"ikssu"
"1833",0,"TrAce"
"1834",1,"TrAce"
"1835",1,"Duke"
"1836",0,"Ssumday"
"1837",1,"Duke"
"1838",1,"Duke"
"1839",1,"Smeb"
"1840",1,"Duke"
"1841",0,"Smeb"
"1842",1,"CuVee"
"1843",1,"CuVee"
"1844",1,"Ssumday"
"1845",0,"Helper"
"1846",1,"Ssumday"
"1847",0,"Ssumday"
"1848",0,"Ssumday"
"1849",1,"Ssumday"
"1850",1,"Ssumday"
"1851",0,"Duke"
"1852",1,"Smeb"
"1853",1,"Ssumday"
"1854",1,"Smeb"
"1855",1,"Ssumday"
"1856",1,"Smeb"
"1857",0,"Lindarang"
"1858",1,"TrAce"
"1859",1,"ikssu"
"1860",0,"TrAce"
"1861",1,"ikssu"
"1862",0,"CuVee"
"1863",1,"CuVee"
"1864",1,"CuVee"
"1865",0,"ikssu"
"1866",0,"Ssumday"
"1867",1,"Ssumday"
"1868",1,"Ssumday"
"1869",1,"CuVee"
"1870",0,"Ssumday"
"1871",0,"Lindarang"
"1872",1,"Smeb"
"1873",1,"Expession"
"1874",1,"CuVee"
"1875",0,"Expession"
"1876",0,"ikssu"
"1877",1,"Huni"
"1878",1,"ADD"
"1879",1,"Crazy"
"1880",0,"ADD"
"1881",1,"MaRin"
"1882",1,"CuVee"
"1883",1,"MaRin"
"1884",0,"Shy"
"1885",0,"Roach"
"1886",1,"Shy"
"1887",0,"Crazy"
"1888",1,"Smeb"
"1889",0,"Expession"
"1890",0,"ikssu"
"1891",1,"Expession"
"1892",1,"ADD"
"1893",1,"MaRin"
"1894",1,"ADD"
"1895",0,"Roach"
"1896",1,"Huni"
"1897",1,"Huni"
"1898",0,"Shy"
"1899",1,"CuVee"
"1900",0,"ADD"
"1901",0,"Expession"
"1902",1,"Smeb"
"1903",1,"Crazy"
"1904",0,"ikssu"
"1905",0,"Roach"
"1906",1,"Expession"
"1907",1,"Smeb"
"1908",1,"MaRin"
"1909",1,"Smeb"
"1910",1,"Crazy"
"1911",0,"Roach"
"1912",0,"MaRin"
"1913",1,"ikssu"
"1914",1,"CuVee"
"1915",1,"Lindarang"
"1916",1,"CuVee"
"1917",1,"Huni"
"1918",0,"ADD"
"1919",0,"MaRin"
"1920",0,"Shy"
"1921",1,"MaRin"
"1922",1,"CuVee"
"1923",0,"Roach"
"1924",0,"Crazy"
"1925",1,"Expession"
"1926",1,"Smeb"
"1927",0,"SoHwan"
"1928",1,"ADD"
"1929",1,"Roach"
"1930",1,"ADD"
"1931",1,"MaRin"
"1932",0,"Huni"
"1933",1,"Smeb"
"1934",0,"CuVee"
"1935",1,"Lindarang"
"1936",1,"Expession"
"1937",0,"Lindarang"
"1938",1,"Huni"
"1939",0,"Crazy"
"1940",1,"ikssu"
"1941",0,"ikssu"
"1942",1,"ADD"
"1943",0,"Smeb"
"1944",1,"Expession"
"1945",1,"Huni"
"1946",0,"Expession"
"1947",1,"Roach"
"1948",1,"SoHwan"
"1949",1,"Roach"
"1950",1,"Crazy"
"1951",0,"MaRin"
"1952",1,"Huni"
"1953",0,"CuVee"
"1954",0,"Lindarang"
"1955",1,"ADD"
"1956",1,"Expession"
"1957",0,"MaRin"
"1958",0,"Roach"
"1959",1,"Smeb"
"1960",0,"ikssu"
"1961",1,"Shy"
"1962",1,"Crazy"
"1963",1,"Shy"
"1964",1,"ADD"
"1965",1,"Expession"
"1966",0,"ADD"
"1967",0,"Roach"
"1968",1,"MaRin"
"1969",0,"ikssu"
"1970",1,"Lindarang"
"1971",0,"CuVee"
"1972",0,"Crazy"
"1973",1,"CuVee"
"1974",0,"Smeb"
"1975",0,"Huni"
"1976",0,"Smeb"
"1977",0,"Expession"
"1978",1,"ADD"
"1979",0,"Crazy"
"1980",1,"CuVee"
"1981",1,"Lindarang"
"1982",1,"SoHwan"
"1983",1,"Lindarang"
"1984",1,"Huni"
"1985",1,"Smeb"
"1986",1,"Profit"
"1987",1,"MaRin"
"1988",1,"Roach"
"1989",1,"MaRin"
"1990",1,"Huni"
"1991",0,"ikssu"
"1992",0,"Crazy"
"1993",1,"ADD"
"1994",1,"Ziv"
"1995",0,"HanShao"
"1996",1,"Morning"
"1997",0,"S CCB"
"1998",0,"MapleSnow"
"1999",0,"LOFS"
"2000",0,"Ziv"
"2001",1,"Ziv"
"2002",0,"LOFS"
"2003",0,"MapleSnow"
"2004",0,"ArJuan"
"2005",0,"S CCB"
"2006",0,"Stanley"
"2007",0,"ArJuan"
"2008",1,"MapleSnow"
"2009",1,"Morning"
"2010",1,"LOFS"
"2011",0,"ArJuan"
"2012",0,"LOFS"
"2013",1,"Ziv"
"2014",0,"S Achie"
"2015",1,"Steak"
"2016",1,"Steak"
"2017",0,"Stanley"
"2018",0,"MapleSnow"
"2019",1,"LOFS"
"2020",0,"ArJuan"
"2021",0,"ArJuan"
"2022",1,"Morning"
"2023",1,"Morning"
"2024",1,"Ziv"
"2025",1,"Stanley"
"2026",0,"MapleSnow"
"2027",1,"Stanley"
"2028",1,"Steak"
"2029",1,"Steak"
"2030",1,"S Achie"
"2031",1,"Stanley"
"2032",1,"Stanley"
"2033",0,"ArJuan"
"2034",1,"Morning"
"2035",1,"Morning"
"2036",0,"S Achie"
"2037",1,"S Achie"
"2038",1,"LOFS"
"2039",1,"Steak"
"2040",1,"Steak"
"2041",0,"MapleSnow"
"2042",1,"LOFS"
"2043",1,"Steak"
"2044",1,"Stanley"
"2045",1,"LOFS"
"2046",1,"Lat"
"2047",0,"Zonda"
"2048",0,"Stanley"
"2049",0,"Morning"
"2050",1,"Steak"
"2051",0,"BoBo"
"2052",1,"Ziv"
"2053",0,"LOFS"
"2054",1,"Morning"
"2055",0,"Lat"
"2056",1,"MMD"
"2057",1,"BoBo"
"2058",0,"Zonda"
"2059",1,"Ziv"
"2060",0,"Stanley"
"2061",1,"Lat"
"2062",1,"Morning"
"2063",0,"LOFS"
"2064",0,"MMD"
"2065",1,"Ziv"
"2066",0,"Zonda"
"2067",1,"BoBo"
"2068",1,"Stanley"
"2069",0,"Steak"
"2070",0,"Stanley"
"2071",0,"Lat"
"2072",1,"Ziv"
"2073",0,"Morning"
"2074",1,"MapleSnow"
"2075",1,"LOFS"
"2076",0,"BoBo"
"2077",0,"LOFS"
"2078",1,"Ziv"
"2079",1,"Lat"
"2080",1,"BoBo"
"2081",1,"Yue"
"2082",1,"Steak"
"2083",0,"MapleSnow"
"2084",1,"LOFS"
"2085",1,"MapleSnow"
"2086",0,"Lat"
"2087",1,"Stanley"
"2088",1,"Yue"
"2089",1,"BoBo"
"2090",0,"MMD"
"2091",1,"Ziv"
"2092",0,"LOFS"
"2093",0,"Stanley"
"2094",0,"Morning"
"2095",1,"Ziv"
"2096",1,"MMD"
"2097",0,"BoBo"
"2098",0,"Lat"
"2099",1,"MapleSnow"
"2100",0,"Lat"
"2101",1,"LOFS"
"2102",1,"Steak"
"2103",0,"Morning"
"2104",1,"Stanley"
"2105",0,"MapleSnow"
"2106",0,"Ziv"
"2107",0,"BoBo"
"2108",0,"Morning"
"2109",1,"LOFS"
"2110",1,"Steak"
"2111",0,"Lat"
"2112",0,"MapleSnow"
"2113",1,"BoBo"
"2114",1,"Stanley"
"2115",1,"Ziv"
"2116",1,"Steak"
"2117",0,"LOFS"
"2118",1,"Morning"
"2119",0,"Lat"
"2120",1,"Stanley"
"2121",0,"BoBo"
"2122",0,"MapleSnow"
"2123",1,"Ziv"
"2124",1,"Stanley"
"2125",0,"Lat"
"2126",1,"BoBo"
"2127",1,"LOFS"
"2128",0,"MapleSnow"
"2129",1,"Morning"
"2130",1,"Stanley"
"2131",1,"Steak"
"2132",1,"Ziv"
"2133",0,"LOFS"
"2134",1,"BoBo"
"2135",1,"Lat"
"2136",1,"Stanley"
"2137",0,"Morning"
"2138",0,"Achie"
"2139",1,"Steak"
"2140",1,"MapleSnow"
"2141",1,"LOFS"
"2142",1,"Ziv"
"2143",0,"Lat"
"2144",0,"BoBo"
"2145",0,"Morning"
"2146",1,"Ziv"
"2147",0,"Steak"
"2148",0,"Stanley"
"2149",0,"LOFS"
"2150",0,"MapleSnow"
"2151",1,"Lat"
"2152",0,"Ziv"
"2153",0,"Morning"
"2154",0,"BoBo"
"2155",1,"MMD"
"2156",0,"Stanley"
"2157",1,"Ziv"
"2158",0,"Stanley"
"2159",1,"Ziv"
"2160",0,"Morning"
"2161",1,"Ziv"
"2162",0,"Ziv"
"2163",0,"Steak"
"2164",1,"Ziv"
"2165",0,"Steak"
"2166",0,"LOFS"
"2167",1,"May"
"2168",1,"LOFS"
"2169",1,"May"
"2170",0,"Steak"
"2171",0,"May"
"2172",0,"Steak"
"2173",1,"May"
"2174",0,"May"
"2175",1,"Ziv"
"2176",0,"May"
"2177",0,"May"
"2178",1,"Yue"
"2179",1,"May"
"2180",0,"Yue"
"2181",1,"May"
"2182",0,"LOFS"
"2183",1,"Steak"
"2184",0,"LOFS"
"2185",0,"Steak"
"2186",0,"May"
"2187",1,"Steak"
"2188",1,"May"
"2189",1,"Steak"
"2190",0,"MMD"
"2191",1,"Ziv"
"2192",1,"MapleSnow"
"2193",0,"AJun"
"2194",0,"Julian"
"2195",1,"MapleSnow"
"2196",0,"BoBo"
"2197",1,"Ziv"
"2198",0,"exciting"
"2199",0,"Julian"
"2200",1,"Morning"
"2201",0,"BoBo"
"2202",1,"BoBo"
"2203",0,"Ninuo"
"2204",1,"Ziv"
"2205",0,"MapleSnow"
"2206",0,"AJ"
"2207",1,"Nexus"
"2208",0,"Morning"
"2209",1,"Rins"
"2210",1,"Morning"
"2211",0,"AJ"
"2212",0,"Rins"
"2213",1,"Nexus"
"2214",0,"Nexus"
"2215",1,"BoBo"
"2216",0,"Ninuo"
"2217",1,"Rins"
"2218",1,"Rins"
"2219",0,"AJ"
"2220",1,"BoBo"
"2221",1,"MapleSnow"
"2222",0,"AJ"
"2223",1,"Ziv"
"2224",0,"MapleSnow"
"2225",0,"Morning"
"2226",0,"Ninuo"
"2227",0,"Morning"
"2228",0,"XUE"
"2229",1,"BoBo"
"2230",1,"Morning"
"2231",0,"Nexus"
"2232",1,"Ziv"
"2233",0,"Ninuo"
"2234",0,"exciting"
"2235",1,"Ziv"
"2236",0,"MapleSnow"
"2237",0,"Rins"
"2238",0,"MapleSnow"
"2239",0,"Nexus"
"2240",1,"Rins"
"2241",0,"BoBo"
"2242",0,"Never"
"2243",1,"Ninuo"
"2244",1,"Ziv"
"2245",0,"Morning"
"2246",1,"MapleSnow"
"2247",1,"Ziv"
"2248",0,"Syuan"
"2249",1,"Yue"
"2250",1,"Morning"
"2251",0,"Ninuo"
"2252",1,"Ziv"
"2253",0,"Nexus"
"2254",1,"MMD"
"2255",0,"Ninuo"
"2256",1,"BoBo"
"2257",0,"Nexus"
"2258",0,"Ninuo"
"2259",0,"BoBo"
"2260",0,"Nexus"
"2261",1,"MMD"
"2262",0,"Syuan"
"2263",1,"MMD"
"2264",1,"MapleSnow"
"2265",1,"BoBo"
"2266",1,"Ziv"
"2267",0,"Syuan"
"2268",1,"Morning"
"2269",1,"MapleSnow"
"2270",0,"BoBo"
"2271",1,"MMD"
"2272",0,"Syuan"
"2273",1,"MapleSnow"
"2274",0,"Nexus"
"2275",1,"Morning"
"2276",0,"Ninuo"
"2277",1,"Ziv"
"2278",1,"MMD"
"2279",0,"MapleSnow"
"2280",1,"BoBo"
"2281",0,"Syuan"
"2282",1,"Ninuo"
"2283",1,"Nexus"
"2284",0,"Morning"
"2285",1,"Ziv"
"2286",1,"Nexus"
"2287",1,"Syuan"
"2288",0,"MapleSnow"
"2289",0,"Ninuo"
"2290",0,"Ziv"
"2291",0,"BoBo"
"2292",0,"MMD"
"2293",1,"Morning"
"2294",0,"Nexus"
"2295",1,"MapleSnow"
"2296",1,"Ninuo"
"2297",0,"Syuan"
"2298",1,"BoBo"
"2299",1,"Morning"
"2300",1,"Ziv"
"2301",1,"Rins"
"2302",1,"Morning"
"2303",1,"BoBo"
"2304",0,"Ninuo"
"2305",1,"MMD"
"2306",1,"Morning"
"2307",0,"Nexus"
"2308",0,"Vayn3z"
"2309",1,"MapleSnow"
"2310",1,"MapleSnow"
"2311",0,"Nexus"
"2312",0,"K"
"2313",1,"Ziv"
"2314",1,"Ninuo"
"2315",0,"Rins"
"2316",0,"MapleSnow"
"2317",1,"Morning"
"2318",1,"Ziv"
"2319",0,"Ninuo"
"2320",1,"MMD"
"2321",0,"K"
"2322",0,"Nexus"
"2323",1,"BoBo"
"2324",1,"MMD"
"2325",0,"Ziv"
"2326",0,"Rins"
"2327",1,"BoBo"
"2328",0,"Nexus"
"2329",1,"Ninuo"
"2330",1,"Morning"
"2331",0,"Rins"
"2332",1,"MMD"
"2333",0,"Nexus"
"2334",0,"BoBo"
"2335",1,"Ziv"
"2336",0,"MapleSnow"
"2337",1,"MMD"
"2338",0,"Ziv"
"2339",1,"Morning"
"2340",0,"Ninuo"
"2341",0,"MapleSnow"
"2342",0,"Rins"
"2343",1,"Nexus"
"2344",1,"Ziv"
"2345",0,"MapleSnow"
"2346",0,"Nexus"
"2347",1,"Ziv"
"2348",1,"MapleSnow"
"2349",0,"Rins"
"2350",1,"Morning"
"2351",0,"MMD"
"2352",0,"BoBo"
"2353",0,"Ninuo"
"2354",0,"MapleSnow"
"2355",1,"Ziv"
"2356",0,"Rins"
"2357",1,"Ninuo"
"2358",0,"Vayn3z"
"2359",0,"Nexus"
"2360",1,"MMD"
"2361",1,"Morning"
"2362",0,"Vayn3z"
"2363",1,"Morning"
"2364",1,"MMD"
"2365",0,"Ninuo"
"2366",0,"Nexus"
"2367",1,"Morning"
"2368",1,"Ziv"
"2369",0,"Rins"
"2370",0,"MMD"
"2371",0,"MapleSnow"
"2372",0,"Ninuo"
"2373",0,"BoBo"
"2374",1,"Rins"
"2375",1,"MapleSnow"
"2376",1,"Ziv"
"2377",0,"Nexus"
"2378",0,"Ninuo"
"2379",0,"Ziv"
"2380",0,"Rins"
"2381",1,"MMD"
"2382",0,"Rins"
"2383",1,"Morning"
"2384",1,"MapleSnow"
"2385",0,"Vayn3z"
"2386",0,"Nexus"
"2387",1,"MMD"
"2388",0,"Nexus"
"2389",1,"MapleSnow"
"2390",1,"Morning"
"2391",0,"Ninuo"
"2392",1,"Ziv"
"2393",0,"Vayn3z"
"2394",0,"Ninuo"
"2395",1,"Nexus"
"2396",1,"Morning"
"2397",1,"Ziv"
"2398",0,"BoBo"
"2399",0,"Rins"
"2400",0,"MapleSnow"
"2401",0,"Ninuo"
"2402",0,"Ziv"
"2403",0,"MMD"
"2404",0,"Nexus"
"2405",0,"Rins"
"2406",0,"BoBo"
"2407",1,"MMD"
"2408",0,"Morning"
"2409",0,"XiaoLiang"
"2410",1,"Ziv"
"2411",0,"MapleSnow"
"2412",1,"Ziv"
"2413",1,"Morning"
"2414",1,"Vayn3z"
"2415",1,"Morning"
"2416",1,"Vayn3z"
"2417",0,"Morning"
"2418",1,"Ziv"
"2419",0,"Vayn3z"
"2420",1,"Ziv"
"2421",0,"MapleSnow"
"2422",0,"MapleSnow"
"2423",0,"Ninuo"
"2424",1,"Ninuo"
"2425",0,"Ninuo"
"2426",0,"LOFS"
"2427",1,"Ninuo"
"2428",1,"Ziv"
"2429",0,"MapleSnow"
"2430",1,"Ziv"
"2431",0,"Nexus"
"2432",1,"MMD"
"2433",1,"MMD"
"2434",0,"LOFS"
"2435",1,"Ziv"
"2436",1,"Ninuo"
"2437",1,"Morning"
"2438",0,"Ninuo"
"2439",0,"LOFS"
"2440",1,"3z"
"2441",1,"MMD"
"2442",0,"MapleSnow"
"2443",1,"Nexus"
"2444",0,"Nexus"
"2445",0,"Nexus"
"2446",0,"LOFS"
"2447",0,"LOFS"
"2448",0,"Ninuo"
"2449",1,"Rins"
"2450",0,"Morning"
"2451",0,"Morning"
"2452",0,"Ninuo"
"2453",0,"Ninuo"
"2454",1,"3z"
"2455",0,"Nexus"
"2456",1,"Duke"
"2457",1,"MaRin"
"2458",0,"Duke"
"2459",1,"Smeb"
"2460",0,"Lil4c"
"2461",0,"CuVee"
"2462",0,"TrAce"
"2463",0,"CuVee"
"2464",1,"Duke"
"2465",0,"Ssumday"
"2466",0,"MaRin"
"2467",1,"Shy"
"2468",1,"Smeb"
"2469",0,"CuVee"
"2470",0,"Ssumday"
"2471",1,"MaRin"
"2472",1,"Shy"
"2473",1,"Duke"
"2474",1,"Shy"
"2475",0,"CuVee"
"2476",1,"Lil4c"
"2477",0,"Smeb"
"2478",0,"TrAce"
"2479",0,"TrAce"
"2480",1,"Ssumday"
"2481",1,"Shy"
"2482",0,"Ssumday"
"2483",0,"Lil4c"
"2484",1,"MaRin"
"2485",1,"TrAce"
"2486",0,"Duke"
"2487",0,"Shy"
"2488",1,"Smeb"
"2489",0,"CuVee"
"2490",1,"Ssumday"
"2491",1,"Lil4c"
"2492",1,"TrAce"
"2493",1,"Lil4c"
"2494",1,"Shy"
"2495",0,"CuVee"
"2496",1,"Smeb"
"2497",0,"Ssumday"
"2498",1,"TrAce"
"2499",0,"MaRin"
"2500",0,"Lil4c"
"2501",1,"Duke"
"2502",1,"MaRin"
"2503",0,"CuVee"
"2504",0,"Duke"
"2505",1,"Smeb"
"2506",1,"TrAce"
"2507",0,"Shy"
"2508",0,"Ssumday"
"2509",1,"Lil4c"
"2510",1,"Lil4c"
"2511",1,"Shy"
"2512",0,"Lil4c"
"2513",1,"Ssumday"
"2514",1,"TrAce"
"2515",1,"Ssumday"
"2516",1,"Duke"
"2517",1,"CuVee"
"2518",0,"CuVee"
"2519",0,"MaRin"
"2520",0,"Smeb"
"2521",1,"Smeb"
"2522",1,"MaRin"
"2523",1,"Duke"
"2524",1,"MaRin"
"2525",1,"TrAce"
"2526",0,"CuVee"
"2527",0,"Lil4c"
"2528",1,"Smeb"
"2529",0,"Shy"
"2530",1,"MaRin"
"2531",0,"Ssumday"
"2532",1,"Duke"
"2533",0,"CuVee"
"2534",1,"Smeb"
"2535",0,"Duke"
"2536",1,"Shy"
"2537",1,"MaRin"
"2538",1,"Ssumday"
"2539",0,"Ssumday"
"2540",1,"Smeb"
"2541",1,"Lil4c"
"2542",1,"CuVee"
"2543",1,"CuVee"
"2544",1,"Shy"
"2545",1,"Ssumday"
"2546",0,"Ssumday"
"2547",0,"Duke"
"2548",1,"TrAce"
"2549",1,"MaRin"
"2550",0,"Lil4c"
"2551",1,"Ssumday"
"2552",0,"CuVee"
"2553",1,"Smeb"
"2554",0,"Shy"
"2555",1,"TrAce"
"2556",0,"Lil4c"
"2557",0,"Ssumday"
"2558",0,"Smeb"
"2559",0,"CuVee"
"2560",1,"Shy"
"2561",1,"Duke"
"2562",0,"Lil4c"
"2563",1,"MaRin"
"2564",0,"TrAce"
"2565",1,"Smeb"
"2566",0,"Duke"
"2567",0,"CuVee"
"2568",1,"MaRin"
"2569",0,"Lil4c"
"2570",1,"Ssumday"
"2571",1,"Shy"
"2572",0,"TrAce"
"2573",0,"TrAce"
"2574",1,"Ssumday"
"2575",1,"Shy"
"2576",0,"Lil4c"
"2577",0,"Smeb"
"2578",1,"MaRin"
"2579",0,"CuVee"
"2580",0,"Duke"
"2581",1,"CuVee"
"2582",1,"Shy"
"2583",0,"TrAce"
"2584",1,"Shy"
"2585",1,"Shy"
"2586",0,"MaRin"
"2587",0,"Shy"
"2588",1,"MaRin"
"2589",1,"MaRin"
"2590",0,"Smeb"
"2591",1,"MaRin"
"2592",0,"Smeb"
"2593",0,"ikssu"
"2594",0,"Duke"
"2595",1,"ikssu"
"2596",1,"CuVee"
"2597",0,"Soul"
"2598",0,"Shy"
"2599",0,"ikssu"
"2600",0,"ikssu"
"2601",1,"Ssumday"
"2602",0,"CuVee"
"2603",1,"TrAce"
"2604",0,"Apple"
"2605",1,"MaRin"
"2606",0,"Soul"
"2607",0,"Smeb"
"2608",0,"Duke"
"2609",0,"Smeb"
"2610",1,"TrAce"
"2611",0,"ikssu"
"2612",1,"Ssumday"
"2613",1,"Shy"
"2614",0,"Ssumday"
"2615",0,"Smeb"
"2616",0,"CuVee"
"2617",0,"CuVee"
"2618",0,"Duke"
"2619",1,"MaRin"
"2620",0,"cvMax"
"2621",0,"Apple"
"2622",0,"cvMax"
"2623",1,"Shy"
"2624",0,"Soul"
"2625",0,"TrAce"
"2626",1,"Ssumday"
"2627",1,"MaRin"
"2628",0,"Smeb"
"2629",1,"CuVee"
"2630",1,"TrAce"
"2631",1,"TrAce"
"2632",1,"Duke"
"2633",0,"Apple"
"2634",1,"Smeb"
"2635",1,"Shy"
"2636",1,"Shy"
"2637",0,"Soul"
"2638",1,"TrAce"
"2639",0,"CuVee"
"2640",0,"MaRin"
"2641",1,"MaRin"
"2642",1,"Apple"
"2643",1,"Ssumday"
"2644",0,"Apple"
"2645",0,"Soul"
"2646",1,"Duke"
"2647",1,"MaRin"
"2648",1,"ikssu"
"2649",1,"MaRin"
"2650",0,"Ssumday"
"2651",1,"Smeb"
"2652",0,"Apple"
"2653",0,"Soul"
"2654",0,"Soul"
"2655",0,"Shy"
"2656",1,"MaRin"
"2657",1,"Duke"
"2658",0,"CuVee"
"2659",1,"Smeb"
"2660",1,"TrAce"
"2661",0,"TrAce"
"2662",0,"ikssu"
"2663",0,"Ssumday"
"2664",1,"Ssumday"
"2665",1,"TrAce"
"2666",0,"Shy"
"2667",0,"Soul"
"2668",1,"Smeb"
"2669",1,"MaRin"
"2670",0,"Apple"
"2671",1,"ikssu"
"2672",0,"CuVee"
"2673",1,"Ssumday"
"2674",0,"Soul"
"2675",1,"Shy"
"2676",1,"Duke"
"2677",0,"Shy"
"2678",1,"CuVee"
"2679",0,"Apple"
"2680",1,"Smeb"
"2681",0,"Apple"
"2682",1,"Shy"
"2683",0,"Ssumday"
"2684",1,"MaRin"
"2685",1,"Soul"
"2686",1,"ikssu"
"2687",1,"ikssu"
"2688",1,"TrAce"
"2689",0,"Duke"
"2690",1,"Shy"
"2691",0,"CuVee"
"2692",0,"Apple"
"2693",1,"Smeb"
"2694",1,"Duke"
"2695",0,"Ssumday"
"2696",1,"MaRin"
"2697",0,"TrAce"
"2698",0,"Shy"
"2699",1,"Smeb"
"2700",0,"Lilac"
"2701",1,"CuVee"
"2702",0,"Duke"
"2703",1,"Ssumday"
"2704",0,"ikssu"
"2705",1,"Expession"
"2706",1,"Helper"
"2707",0,"TrAce"
"2708",1,"MaRin"
"2709",0,"Soul"
"2710",1,"Smeb"
"2711",0,"CuVee"
"2712",1,"Duke"
"2713",1,"TrAce"
"2714",0,"Duke"
"2715",0,"ikssu"
"2716",1,"MaRin"
"2717",0,"SoaR"
"2718",0,"CuVee"
"2719",1,"CuVee"
"2720",1,"Helper"
"2721",1,"Ssumday"
"2722",1,"Ssumday"
"2723",1,"MaRin"
"2724",0,"TrAce"
"2725",1,"Duke"
"2726",1,"ikssu"
"2727",1,"Duke"
"2728",1,"Smeb"
"2729",0,"Apple"
"2730",1,"Ssumday"
"2731",1,"Soul"
"2732",0,"Soul"
"2733",1,"Shy"
"2734",1,"Duke"
"2735",1,"Shy"
"2736",0,"Smeb"
"2737",1,"MaRin"
"2738",1,"ikssu"
"2739",1,"CuVee"
"2740",0,"ikssu"
"2741",1,"Expession"
"2742",1,"Duke"
"2743",1,"Duke"
"2744",0,"Helper"
"2745",0,"Soul"
"2746",0,"Soul"
"2747",1,"Ssumday"
"2748",0,"TrAce"
"2749",0,"MaRin"
"2750",0,"Ssumday"
"2751",0,"Ssumday"
"2752",1,"Smeb"
"2753",0,"ikssu"
"2754",1,"TrAce"
"2755",0,"Expession"
"2756",1,"Soul"
"2757",1,"ikssu"
"2758",1,"ikssu"
"2759",1,"MaRin"
"2760",1,"Shy"
"2761",1,"Shy"
"2762",1,"Smeb"
"2763",1,"Duke"
"2764",0,"Smeb"
"2765",0,"CuVee"
"2766",1,"Ssumday"
"2767",1,"CuVee"
"2768",1,"TrAce"
"2769",0,"CuVee"
"2770",0,"Soul"
"2771",1,"Lilac"
"2772",0,"ikssu"
"2773",1,"Shy"
"2774",1,"Duke"
"2775",0,"CuVee"
"2776",1,"Ssumday"
"2777",0,"Smeb"
"2778",0,"Expession"
"2779",1,"MaRin"
"2780",1,"TrAce"
"2781",1,"Soul"
"2782",0,"TrAce"
"2783",0,"Apple"
"2784",0,"Ssumday"
"2785",1,"Ssumday"
"2786",0,"TrAce"
"2787",1,"ikssu"
"2788",0,"CuVee"
"2789",1,"MaRin"
"2790",1,"TrAce"
"2791",1,"Smeb"
"2792",0,"Smeb"
"2793",0,"Soul"
"2794",1,"Duke"
"2795",1,"Expession"
"2796",1,"Shy"
"2797",1,"Shy"
"2798",0,"Ssumday"
"2799",0,"ikssu"
"2800",1,"Ssumday"
"2801",1,"Duke"
"2802",1,"MaRin"
"2803",1,"MaRin"
"2804",0,"CuVee"
"2805",0,"Helper"
"2806",0,"Helper"
"2807",1,"Smeb"
"2808",0,"Smeb"
"2809",0,"Duke"
"2810",1,"Smeb"
"2811",0,"Shy"
"2812",1,"Smeb"
"2813",0,"Shy"
"2814",1,"Smeb"
"2815",0,"Smeb"
"2816",1,"ssumday"
"2817",1,"Smeb"
"2818",0,"Smeb"
"2819",1,"MaRin"
"2820",0,"Ssumday"
"2821",1,"MaRin"
"2822",1,"TrAce"
"2823",0,"Duke"
"2824",1,"TrAce"
"2825",0,"Shy"
"2826",1,"TrAce"
"2827",1,"Shy"
"2828",1,"Shy"
"2829",0,"Shy"
"2830",1,"Ssumday"
"2831",0,"TrAce"
"2832",0,"Ssumday"
"2833",1,"Ssumday"
"2834",0,"Koro1"
"2835",1,"Dyrus"
"2836",0,"fabFabulous"
"2837",0,"Achie"
"2838",1,"Looper"
"2839",1,"Cola"
"2840",1,"Achie"
"2841",1,"Koro1"
"2842",1,"Cola"
"2843",0,"fabFabulous"
"2844",1,"Dyrus"
"2845",1,"Koro1"
"2846",1,"Looper"
"2847",0,"fredy122"
"2848",0,"Prydz"
"2849",0,"Achie"
"2850",0,"fabFabulous"
"2851",1,"fredy122"
"2852",1,"Dyrus"
"2853",1,"Prydz"
"2854",1,"Cola"
"2855",1,"Prydz"
"2856",1,"fredy122"
"2857",1,"Looper"
"2858",1,"Koro1"
"2859",1,"ackerman"
"2860",1,"Save"
"2861",1,"Acorn"
"2862",1,"Balls"
"2863",0,"sOAZ"
"2864",1,"Balls"
"2865",1,"Save"
"2866",0,"Acorn"
"2867",1,"Save"
"2868",1,"Gogoing"
"2869",1,"Wickd"
"2870",1,"Acorn"
"2871",0,"sOAZ"
"2872",1,"Wickd"
"2873",0,"ackerman"
"2874",0,"LEP"
"2875",0,"Gogoing"
"2876",1,"Wickd"
"2877",0,"LEP"
"2878",0,"ackerman"
"2879",1,"LEP"
"2880",0,"sOAZ"
"2881",1,"Balls"
"2882",1,"Gogoing"
"2883",1,"Save"
"2884",1,"Looper"
"2885",0,"Dyrus"
"2886",0,"Looper"
"2887",0,"Dyrus"
"2888",0,"Acorn"
"2889",0,"Balls"
"2890",1,"Acorn"
"2891",0,"Balls"
"2892",1,"Cola"
"2893",0,"Koro1"
"2894",0,"Cola"
"2895",1,"Koro1"
"2896",1,"Cola"
"2897",0,"Save"
"2898",1,"Gogoing"
"2899",0,"Save"
"2900",0,"Acorn"
"2901",1,"Looper"
"2902",0,"Acorn"
"2903",0,"Cola"
"2904",0,"Gogoing"
"2905",1,"Gogoing"
"2906",1,"Cola"
"2907",0,"Cola"
"2908",1,"Looper"
"2909",1,"Cola"
"2910",1,"Looper"
"2911",1,"ZionSpartan"
"2912",0,"Mylon"
"2913",1,"Steak"
"2914",1,"ZionSpartan"
"2915",1,"Smeb"
"2916",1,"Mylon"
"2917",0,"ZionSpartan"
"2918",1,"Steak"
"2919",1,"Smeb"
"2920",1,"Steak"
"2921",0,"Smeb"
"2922",1,"Mylon"
"2923",1,"Huni"
"2924",1,"Balls"
"2925",0,"Zz1tai"
"2926",1,"Ziv"
"2927",1,"Zz1tai"
"2928",1,"Balls"
"2929",1,"Ziv"
"2930",1,"Huni"
"2931",1,"Ziv"
"2932",0,"Zz1tai"
"2933",0,"Balls"
"2934",1,"Huni"
"2935",0,"Balls"
"2936",1,"MaRin"
"2937",1,"AmazingJ"
"2938",0,"WarL0cK"
"2939",0,"Odoamne"
"2940",0,"AmazingJ"
"2941",1,"Odoamne"
"2942",1,"MaRin"
"2943",0,"WarL0cK"
"2944",0,"WarL0cK"
"2945",0,"Odoamne"
"2946",1,"AmazingJ"
"2947",1,"MaRin"
"2948",1,"Ssumday"
"2949",0,"Acorn"
"2950",0,"Acorn"
"2951",1,"Soaz"
"2952",1,"Dyrus"
"2953",0,"Ssumday"
"2954",0,"Dyrus"
"2955",1,"Ssumday"
"2956",0,"Dyrus"
"2957",0,"Soaz"
"2958",0,"Soaz"
"2959",1,"Flame"
"2960",0,"Steak"
"2961",1,"Soaz"
"2962",1,"Steak"
"2963",1,"Soaz"
"2964",1,"MaRin"
"2965",0,"Ziv"
"2966",1,"MaRin"
"2967",1,"Huni"
"2968",0,"Koro1"
"2969",1,"Huni"
"2970",1,"Ssumday"
"2971",1,"Smeb"
"2972",0,"Ssumday"
"2973",1,"Smeb"
"2974",1,"MaRin"
"2975",0,"Soaz"
"2976",1,"MaRin"
"2977",0,"Huni"
"2978",1,"Smeb"
"2979",0,"Huni"
"2980",1,"MaRin"
"2981",0,"Smeb"
"2982",0,"MaRin"
"2983",0,"Smeb"
"2984",0,"Expect"
"2985",1,"Smeb"
"2986",0,"Darshan"
"2987",1,"Smeb"
"2988",1,"Smurf"
"2989",1,"Darshan"
"2990",0,"Expect"
"2991",1,"Smurf"
"2992",1,"Darshan"
"2993",1,"Smurf"
"2994",1,"Expect"
"2995",1,"Smeb"
"2996",1,"Smeb"
"2997",1,"Duke"
"2998",0,"MMD"
"2999",0,"MMD"
"3000",0,"AmazingJ"
"3001",0,"Duke"
"3002",1,"Impact"
"3003",1,"AmazingJ"
"3004",0,"Impact"
"3005",0,"Impact"
"3006",1,"Duke"
"3007",0,"AmazingJ"
"3008",0,"MMD"
"3009",0,"Odoamne"
"3010",1,"Yang"
"3011",1,"Odoamne"
"3012",1,"Mouse"
"3013",1,"Ziv"
"3014",1,"Mouse"
"3015",1,"Mouse"
"3016",0,"Ziv"
"3017",1,"Odoamne"
"3018",0,"Yang"
"3019",0,"Yang"
"3020",0,"Ziv"
"3021",1,"Odoamne"
"3022",1,"CuVee"
"3023",0,"Hauntzer"
"3024",1,"Hauntzer"
"3025",1,"Looper"
"3026",0,"Wunder"
"3027",0,"Looper"
"3028",1,"CuVee"
"3029",1,"Wunder"
"3030",1,"Hauntzer"
"3031",1,"CuVee"
"3032",0,"Wunder"
"3033",1,"Looper"
"3034",1,"CuVee"
"3035",0,"Impact"
"3036",1,"CuVee"
"3037",0,"Duke"
"3038",0,"Looper"
"3039",1,"Duke"
"3040",0,"Looper"
"3041",1,"Smeb"
"3042",0,"Koro1"
"3043",0,"Smeb"
"3044",0,"Koro1"
"3045",1,"Odoamne"
"3046",0,"Smurf"
"3047",1,"Odoamne"
"3048",0,"Smeb"
"3049",0,"Duke"
"3050",1,"Smeb"
"3051",1,"Duke"
"3052",0,"Smeb"
"3053",1,"CuVee"
"3054",0,"Odoamne"
"3055",1,"CuVee"
"3056",0,"CuVee"
"3057",1,"Duke"
"3058",1,"CuVee"
"3059",0,"Duke"
"3060",0,"CuVee"
"3061",1,"Huni"
"3062",0,"Thaldrin"
"3063",1,"Koro1"
"3064",0,"Thaldrin"
"3065",0,"Huni"
"3066",1,"MaRin"
"3067",1,"Ziv"
"3068",1,"MaRin"
"3069",1,"Koro1"
"3070",0,"Dyrus"
"3071",1,"Koro1"
"3072",1,"MaRin"
"3073",0,"Dyrus"
"3074",1,"Huni"
"3075",0,"Ziv"
"3076",1,"MaRin"
"3077",1,"Huni"
"3078",1,"MaRin"
"3079",1,"Huni"
"3080",1,"MaRin"
"3081",1,"Koro1"
"3082",0,"Ziv"
"3083",1,"Koro1"
"3084",1,"MaRin"
"3085",1,"Koro1"
"3086",0,"MaRin"
"3087",0,"Koro1"
"3088",0,"MaRin"
"3089",1,"Looper"
"3090",0,"Kikis"
"3091",1,"Duke"
"3092",1,"Darshan"
"3093",0,"Kikis"
"3094",0,"fabFabulous"
"3095",1,"Darshan"
"3096",0,"Duke"
"3097",1,"MMD"
"3098",1,"Looper"
"3099",1,"Thaldrin"
"3100",0,"Duke"
"3101",0,"MMD"
"3102",1,"Darshan"
"3103",0,"Thaldrin"
"3104",1,"MMD"
"3105",1,"Darshan"
"3106",0,"Kikis"
"3107",1,"Kikis"
"3108",1,"Looper"
"3109",1,"Duke"
"3110",1,"MMD"
"3111",1,"Darshan"
"3112",0,"fabFabulous"
"3113",1,"Looper"
"3114",0,"MMD"
"3115",1,"Duke"
"3116",0,"Thaldrin"
"3117",0,"Kikis"
"3118",0,"Looper"
"3119",1,"Looper"
"3120",0,"Looper"
"3121",0,"Looper"
"3122",0,"Looper"
"3123",1,"Darshan"
"3124",0,"Darshan"
"3125",1,"Darshan"
"3126",1,"Darshan"
"3127",0,"Darshan"
"3128",0,"Darshan"
"3129",0,"Darshan"
"3130",0,"Overpow"
"3131",0,"kev1n"
"3132",1,"Huni"
"3133",0,"Jwaow"
"3134",0,"Vizicsacsi"
"3135",0,"Huni"
"3136",1,"Overpow"
"3137",1,"YoungBuck"
"3138",1,"Werlyb"
"3139",0,"fredy122"
"3140",0,"Ssumday"
"3141",0,"SoHwan"
"3142",1,"Ssumday"
"3143",1,"ikssu"
"3144",1,"ADD"
"3145",1,"ikssu"
"3146",0,"Duke"
"3147",0,"Crazy"
"3148",0,"Duke"
"3149",1,"ADD"
"3150",1,"CuVee"
"3151",1,"Stanley"
"3152",1,"Cola"
"3153",0,"Smeb"
"3154",0,"Lourlo"
"3155",1,"Ray"
"3156",0,"Balls"
"3157",1,"zig"
"3158",0,"Darshan"
"3159",1,"Ssumday"
"3160",1,"Seraph"
"3161",1,"Hauntzer"
"3162",0,"Seraph"
"3163",0,"Balls"
"3164",1,"Flame"
"3165",1,"zig"
"3166",0,"Looper"
"3167",1,"Darshan"
"3168",1,"Ray"
"3169",1,"Darshan"
"3170",1,"Looper"
"3171",1,"Ssumday"
"3172",0,"Looper"
"3173",1,"Flame"
"3174",1,"Hauntzer"
"3175",0,"Flame"
"3176",1,"Lourlo"
"3177",1,"Seraph"
"3178",1,"Lourlo"
"3179",0,"Cabochard"
"3180",0,"Flaxxish"
"3181",0,"Flaxxish"
"3182",0,"Phaxi"
"3183",1,"Phaxi"
"3184",0,"Satorius"
"3185",0,"Expect"
"3186",1,"Expect"
"3187",0,"Wunder"
"3188",1,"sOAZ"
"3189",1,"Vizicsacsi"
"3190",0,"sOAZ"
"3191",0,"Cabochard"
"3192",1,"Phaxi"
"3193",0,"Alphari"
"3194",1,"Odoamne"
"3195",1,"Flaxxish"
"3196",1,"Satorius"
"3197",1,"Flaxxish"
"3198",1,"CuVee"
"3199",1,"MaRin"
"3200",0,"CuVee"
"3201",1,"Roach"
"3202",1,"Shy"
"3203",0,"Roach"
"3204",1,"Smeb"
"3205",0,"Crazy"
"3206",1,"ikssu"
"3207",0,"Expession"
"3208",1,"MaRin"
"3209",0,"ADD"
"3210",1,"Profit"
"3211",0,"Roach"
"3212",1,"Smeb"
"3213",0,"Lindarang"
"3214",1,"CuVee"
"3215",0,"Expession"
"3216",1,"3z"
"3217",1,"MapleSnow"
"3218",1,"3z"
"3219",1,"MMD"
"3220",0,"Nexus"
"3221",1,"MapleSnow"
"3222",1,"MapleSnow"
"3223",1,"MMD"
"3224",0,"Ziv"
"3225",0,"LOFS"
"3226",1,"Nexus"
"3227",1,"3z"
"3228",0,"3z"
"3229",1,"3z"
"3230",1,"Mylon"
"3231",1,"Yang"
"3232",0,"Aoshi"
"3233",1,"SkyBart"
"3234",1,"Robo"
"3235",0,"Zantins"
"3236",0,"LEP"
"3237",0,"Ayel"
"3238",0,"Ayel"
"3239",1,"Yang"
"3240",1,"Robo"
"3241",0,"Aoshi"
"3242",0,"SkyBart"
"3243",0,"Zantins"
"3244",1,"Mylon"
"3245",0,"LEP"
"3246",0,"brTT RX"
"3247",1,"SkyBart"
"3248",0,"Zantins"
"3249",1,"Yang"
"3250",0,"Aoshi"
"3251",1,"Ayel"
"3252",1,"Robo"
"3253",1,"LEP"
"3254",1,"Leko"
"3255",0,"Aoshi"
"3256",1,"LEP"
"3257",0,"Zantins"
"3258",0,"SkyBart"
"3259",1,"Ayel"
"3260",0,"Robo"
"3261",1,"Yang"
"3262",0,"Aoshi"
"3263",0,"Yang"
"3264",1,"SkyBart"
"3265",1,"LEP"
"3266",0,"Ayel"
"3267",1,"Zantins"
"3268",1,"Robo"
"3269",1,"Mylon"
"3270",1,"LEP"
"3271",1,"Yang"
"3272",1,"Robo"
"3273",0,"SkyBart"
"3274",1,"Mylon"
"3275",1,"Ayel"
"3276",0,"Aoshi"
"3277",0,"Zantins"
"3278",1,"SkyBart"
"3279",1,"Yang"
"3280",1,"Robo"
"3281",0,"Ayel"
"3282",0,"Aoshi"
"3283",0,"LEP"
"3284",0,"Mylon"
"3285",0,"Zantins"
"3286",1,"Yang"
"3287",1,"Robo"
"3288",0,"Eryon"
"3289",1,"LEP"
"3290",0,"SkyBart"
"3291",1,"Zantins"
"3292",0,"Ranger"
"3293",0,"Mylon"
"3294",1,"Robo"
"3295",1,"Ayel"
"3296",1,"LEP"
"3297",1,"Yang"
"3298",1,"Zantins"
"3299",0,"Ranger"
"3300",1,"Mylon"
"3301",0,"SkyBart"
"3302",0,"LEP"
"3303",0,"SkyBart"
"3304",1,"Yang"
"3305",0,"Ayel"
"3306",0,"Ranger"
"3307",1,"Robo"
"3308",0,"Zantins"
"3309",1,"Mylon"
"3310",0,"Mylon"
"3311",0,"LEP"
"3312",1,"Robo"
"3313",0,"Zantins"
"3314",0,"Ayel"
"3315",1,"Ranger"
"3316",0,"SkyBart"
"3317",1,"Yang"
"3318",0,"Yang"
"3319",0,"Ranger"
"3320",1,"LEP"
"3321",0,"Zantins"
"3322",1,"SkyBart"
"3323",0,"Ayel"
"3324",1,"Robo"
"3325",1,"Mylon"
"3326",0,"Ayel"
"3327",0,"Mylon"
"3328",1,"Yang"
"3329",0,"Zantins"
"3330",1,"LEP"
"3331",0,"Ranger"
"3332",1,"SkyBart"
"3333",1,"Robo"
"3334",0,"Verto"
"3335",1,"Ayel"
"3336",1,"Mylon"
"3337",1,"Yang"
"3338",0,"Ranger"
"3339",0,"SkyBart"
"3340",0,"Robo"
"3341",1,"LEP"
"3342",1,"LEP"
"3343",1,"LEP"
"3344",0,"SkyBart"
"3345",0,"Ayel"
"3346",1,"SkyBart"
"3347",0,"Ayel"
"3348",1,"Ayel"
"3349",1,"Ayel"
"3350",1,"Aoshi"
"3351",1,"Aoshi"
"3352",1,"Robo"
"3353",1,"Robo"
"3354",0,"LEP"
"3355",1,"Yang"
"3356",1,"SkyBart"
"3357",1,"Yang"
"3358",0,"SkyBart"
"3359",1,"Yang"
"3360",0,"Robo"
"3361",1,"beansu"
"3362",1,"beansu"
"3363",0,"Robo"
"3364",1,"Robo"
"3365",0,"Robo"
"3366",1,"LEP"
"3367",1,"Yang"
"3368",1,"Yang"
"3369",1,"Mylon"
"3370",1,"Mylon"
"3371",1,"Yang"
"3372",1,"Yang"
"3373",0,"Yang"
"3374",0,"LEP"
"3375",1,"Yang"
"3376",0,"Yang"
"3377",1,"Mylon"
"3378",1,"ayel"
"3379",1,"Lep"
"3380",0,"Aoshi"
"3381",1,"Zantins"
"3382",0,"Thulz"
"3383",1,"Robo"
"3384",1,"Robo"
"3385",0,"ayel"
"3386",0,"Thulz"
"3387",0,"Yang"
"3388",0,"Zantins"
"3389",1,"Lep"
"3390",1,"Aoshi"
"3391",1,"Mylon"
"3392",0,"Lep"
"3393",1,"Mylon"
"3394",1,"Robo"
"3395",0,"Zantins"
"3396",0,"Thulz"
"3397",1,"ayel"
"3398",1,"Yang"
"3399",0,"Aoshi"
"3400",1,"Aoshi"
"3401",0,"Thulz"
"3402",1,"Robo"
"3403",0,"Lep"
"3404",1,"Yang"
"3405",0,"Zantins"
"3406",1,"Ayel"
"3407",0,"Mylon"
"3408",1,"Ayel"
"3409",0,"Yang"
"3410",1,"Lep"
"3411",1,"Thulz"
"3412",0,"Aoshi"
"3413",1,"Robo"
"3414",1,"Mylon"
"3415",0,"Zantins"
"3416",1,"Mylon"
"3417",1,"Robo"
"3418",1,"Ayel"
"3419",0,"Aoshi"
"3420",0,"Zantins"
"3421",0,"Thulz"
"3422",0,"Lep"
"3423",0,"Yang"
"3424",0,"Zantins"
"3425",1,"Ayel"
"3426",1,"Lep"
"3427",1,"Aoshi"
"3428",1,"Mylon"
"3429",0,"Thulz"
"3430",1,"Yang"
"3431",0,"Robo"
"3432",1,"Ssumday"
"3433",0,"Lourlo"
"3434",0,"Looper"
"3435",1,"Darshan"
"3436",0,"Impact"
"3437",0,"Flame"
"3438",0,"Impact"
"3439",0,"Seraph"
"3440",0,"Seraph"
"3441",0,"Hauntzer"
"3442",0,"Balls"
"3443",0,"Lourlo"
"3444",1,"zig"
"3445",1,"Hauntzer"
"3446",0,"Looper"
"3447",1,"zig"
"3448",0,"Flame"
"3449",1,"Darshan"
"3450",0,"Balls"
"3451",1,"Seraph"
"3452",0,"Seraph"
"3453",1,"Ray"
"3454",0,"Ssumday"
"3455",1,"Balls"
"3456",0,"Looper"
"3457",1,"Flame"
"3458",1,"Lourlo"
"3459",1,"Hauntzer"
"3460",1,"Lourlo"
"3461",1,"Ray"
"3462",0,"zig"
"3463",1,"Looper"
"3464",1,"Seraph"
"3465",1,"Looper"
"3466",1,"Hauntzer"
"3467",0,"zig"
"3468",1,"Ssumday"
"3469",0,"Flame"
"3470",0,"Balls"
"3471",0,"Lourlo"
"3472",1,"Balls"
"3473",0,"Darshan"
"3474",0,"Seraph"
"3475",1,"Darshan"
"3476",0,"Satorius"
"3477",0,"Satorius"
"3478",1,"sOAZ"
"3479",0,"sOAZ"
"3480",1,"Phaxi"
"3481",0,"Odoamne"
"3482",0,"Odoamne"
"3483",1,"Expect"
"3484",1,"Alphari"
"3485",0,"Alphari"
"3486",0,"Flaxxish"
"3487",1,"Phaxi"
"3488",1,"Wunder"
"3489",1,"Wunder"
"3490",0,"Cabochard"
"3491",1,"Wunder"
"3492",0,"Flaxxish"
"3493",1,"Expect"
"3494",0,"Alphari"
"3495",1,"Phaxi"
"3496",0,"Satorius"
"3497",1,"Vizicsacsi"
"3498",0,"Cabochard"
"3499",0,"Odoamne"
"3500",0,"Cabochard"
"3501",0,"Flaxxish"
"3502",0,"sOAZ"
"3503",0,"Flaxxish"
"3504",0,"Roach"
"3505",1,"CuVee"
"3506",1,"Shy"
"3507",0,"MaRin"
"3508",1,"CuVee"
"3509",0,"ikssu"
"3510",1,"Crazy"
"3511",1,"Shy"
"3512",0,"Crazy"
"3513",1,"Smeb"
"3514",1,"ADD"
"3515",0,"Smeb"
"3516",0,"Huni"
"3517",0,"Expession"
"3518",1,"Profit"
"3519",1,"SoHwan"
"3520",1,"Roach"
"3521",1,"SoHwan"
"3522",1,"MaRin"
"3523",1,"MaRin"
"3524",1,"CuVee"
"3525",0,"Profit"
"3526",1,"ADD"
"3527",1,"Shy"
"3528",0,"ADD"
"3529",1,"MaRin"
"3530",0,"Expession"
"3531",0,"Smeb"
"3532",0,"Roach"
"3533",0,"Smeb"
"3534",0,"Nexus"
"3535",1,"Nexus"
"3536",1,"Ninuo"
"3537",1,"MapleSnow"
"3538",0,"Rins"
"3539",0,"3z"
"3540",1,"MMD"
"3541",0,"Nexus"
"3542",0,"3z"
"3543",1,"Ziv"
"3544",1,"MMD"
"3545",1,"MMD"
"3546",0,"MapleSnow"
"3547",1,"Morning"
"3548",1,"3z"
"3549",0,"3z"
"3550",1,"3z"
"3551",1,"Ziv"
"3552",1,"Ziv"
"3553",1,"Ninuo"
"3554",0,"Rins"
"3555",1,"Ziv"
"3556",1,"Ziv"
"3557",1,"MMD"
"3558",0,"Ssumday"
"3559",1,"Impact"
"3560",0,"Darshan"
"3561",1,"Crazy"
"3562",0,"Rins"
"3563",1,"Hauntzer"
"3564",0,"Expession"
"3565",0,"Crazy"
"3566",1,"Expession"
"3567",1,"ikssu"
"3568",1,"Smeb"
"3569",0,"ikssu"
"3570",1,"Huni"
"3571",1,"MaRin"
"3572",1,"Huni"
"3573",0,"Roach"
"3574",1,"ADD"
"3575",1,"Expession"
"3576",1,"Shy"
"3577",1,"Expession"
"3578",0,"CuVee"
"3579",0,"Smeb"
"3580",1,"ADD"
"3581",1,"ikssu"
"3582",1,"ADD"
"3583",0,"Crazy"
"3584",1,"Profit"
"3585",1,"Morning"
"3586",1,"CuVee"
"3587",1,"Wunder"
"3588",1,"Vizicsacsi"
"3589",0,"Wunder"
"3590",1,"sOAZ"
"3591",1,"Expect"
"3592",0,"sOAZ"
"3593",1,"Odoamne"
"3594",1,"Odoamne"
"3595",1,"Alphari"
"3596",0,"Flaxxish"
"3597",0,"Cabochard"
"3598",0,"Cabochard"
"3599",1,"Expect"
"3600",1,"Phaxi"
"3601",1,"Phaxi"
"3602",1,"Odoamne"
"3603",0,"Wunder"
"3604",0,"sOAZ"
"3605",0,"Alphari"
"3606",1,"sOAZ"
"3607",1,"Roach"
"3608",1,"Crazy"
"3609",0,"Roach"
"3610",0,"SoHwan"
"3611",1,"MaRin"
"3612",0,"Shy"
"3613",0,"Huni"
"3614",0,"Shy"
"3615",0,"ADD"
"3616",1,"CuVee"
"3617",0,"Expession"
"3618",0,"Roach"
"3619",0,"Expession"
"3620",1,"MaRin"
"3621",1,"Smeb"
"3622",0,"MaRin"
"3623",0,"Lindarang"
"3624",1,"CuVee"
"3625",0,"ADD"
"3626",1,"Huni"
"3627",1,"Smeb"
"3628",0,"Expession"
"3629",1,"SoHwan"
"3630",1,"Part"
"3631",1,"SoHwan"
"3632",1,"MaRin"
"3633",0,"Ninuo"
"3634",0,"Ninuo"
"3635",1,"Ziv"
"3636",1,"Ziv"
"3637",0,"3z"
"3638",1,"3z"
"3639",1,"3z"
"3640",1,"MapleSnow"
"3641",0,"Nexus"
"3642",1,"MMD"
"3643",1,"MMD"
"3644",1,"3z"
"3645",1,"3z"
"3646",0,"Ssumday"
"3647",1,"zig"
"3648",0,"Ssumday"
"3649",0,"Balls"
"3650",1,"Darshan"
"3651",1,"Balls"
"3652",1,"Balls"
"3653",0,"Darshan"
"3654",0,"zig"
"3655",1,"Ray"
"3656",0,"zig"
"3657",0,"Balls"
"3658",0,"Balls"
"3659",0,"Balls"
"3660",0,"Balls"
"3661",1,"Balls"
"3662",1,"Balls"
"3663",0,"Balls"
"3664",1,"zig"
"3665",0,"Ray"
"3666",1,"Hauntzer"
"3667",1,"Ray"
"3668",0,"Hauntzer"
"3669",0,"Ray"
"3670",1,"Wunder"
"3671",0,"Alphari"
"3672",0,"Wunder"
"3673",1,"Alphari"
"3674",0,"Wunder"
"3675",1,"sOAZ"
"3676",0,"Odoamne"
"3677",1,"sOAZ"
"3678",0,"Expect"
"3679",1,"Expect"
"3680",0,"sOAZ"
"3681",0,"sOAZ"
"3682",0,"Alphari"
"3683",1,"Vizicsacsi"
"3684",1,"Alphari"
"3685",1,"Vizicsacsi"
"3686",1,"sOAZ"
"3687",1,"sOAZ"
"3688",1,"sOAZ"
"3689",0,"Vizicsacsi"
"3690",1,"Expect"
"3691",1,"Vizicsacsi"
"3692",0,"Vizicsacsi"
"3693",0,"Expession"
"3694",0,"Crazy"
"3695",1,"Expession"
"3696",1,"ikssu"
"3697",1,"Smeb"
"3698",0,"ikssu"
"3699",1,"Huni"
"3700",1,"MaRin"
"3701",1,"Huni"
"3702",0,"Roach"
"3703",1,"ADD"
"3704",1,"Expession"
"3705",1,"Shy"
"3706",1,"Expession"
"3707",0,"CuVee"
"3708",0,"Smeb"
"3709",1,"CuVee"
"3710",1,"ADD"
"3711",1,"ikssu"
"3712",1,"ADD"
"3713",0,"Crazy"
"3714",1,"Profit"
"3715",0,"MaRin"
"3716",0,"MaRin"
"3717",0,"ADD"
"3718",1,"Smeb"
"3719",1,"Smeb"
"3720",1,"Smeb"
"3721",1,"Smeb"
"3722",0,"CuVee"
"3723",0,"Smeb"
"3724",0,"Smeb"
"3725",0,"Smeb"
"3726",0,"Rins"
"3727",0,"Rins"
"3728",1,"3z"
"3729",1,"BoBo"
"3730",1,"MMD"
"3731",1,"MMD"
"3732",1,"Ziv"
"3733",1,"Morning"
"3734",0,"Ziv"
"3735",1,"Ziv"
"3736",1,"Ziv"
"3737",0,"MapleSnow"
"3738",1,"MMD"
"3739",1,"3z"
"3740",0,"3z"
"3741",0,"3z"
"3742",1,"Morning"
"3743",1,"Ziv"
"3744",0,"Morning"
"3745",1,"Ziv"
"3746",0,"MMD"
"3747",1,"MMD"
"3748",0,"Ziv"
"3749",1,"MMD"
"3750",1,"Yang"
"3751",0,"Ayel"
"3752",0,"Yang"
"3753",0,"Ayel"
"3754",0,"Mylon"
"3755",1,"Mylon"
"3756",0,"Mylon"
"3757",1,"Robo"
"3758",0,"Yang"
"3759",0,"Yang"
"3760",0,"Yang"
